product_code;product_name;in_stock_balance
811;Труба проф. 250х250х 8 ст09Г2С 7304900000;0
814;Труба проф. 250х250х12 ст09Г2С 7304900000;0
815;Труба проф. 250х250х 8 ст20 7304900000;0
816;Труба проф. 250х250х10 ст20 7304900000;0
817;Труба проф. 250х250х12 ст20 7304900000;0
818;Труба проф. 200х120х 8 ст09Г2С 7304900000;0
819;Труба проф. 200х120х 6 ст20 7304900000;0
820;Труба проф. 200х120х 8 ст20 7304900000;0
821;Труба проф. 200х120х10 ст20 7304900000;0
822;Труба проф. 320х180х10 ст20 7304900000;0
5529;Труба проф. 300х100х 8 ст09Г2С 7304900000;0
5531;Труба проф. 300х100х 8 ст20 7304900000;0
5532;Труба проф. 300х100х10 ст20 7304900000;0
5536;ГОСТ 19903-74 8 х2000х6000 ст3сп 7208529900;0
5623;ГОСТ 8732 121х16 ст20 7304399290;0
5640;ГОСТ 8732 121х30 ст45 7304399290;0
5649;ГОСТ 8732 127х 5 ст20 7304399290;0
5661;ГОСТ 8732 127х16 ст20 7304399290;0
5672;ГОСТ 8732 127х 6 ст20Г 7304399290;0
5674;ГОСТ 8732 127х12 ст35 7304399290;0
5675;ГОСТ 8732 127х14 ст35 7304399290;0
5682;ГОСТ 8732 127х14 ст45 7304399290;0
5705;ГОСТ 8732 133х16 ст20 7304399290;0
5712;ГОСТ 8732 133х25 ст20 7304191090;0
5713;ГОСТ 8732 133х25 ст20 7304399290;0
5737;ГОСТ 8732 140х10 ст20 7304399290;0
5761;ГОСТ 8732 140х34 ст35 7304399290;0
5762;ГОСТ 8732 140х 6 ст40 Х 7304399290;0
5771;ГОСТ 8732 146х 5 ст20 7304399290;0
5778;ГОСТ 8732 146х12 ст20 7304399290;0
5784;ГОСТ 8732 146х18 ст20 7304399290;0
5789;ГОСТ 8732 146х28 ст20 7304399290;0
5791;ГОСТ 8732 146х30 ст20 7304399290;0
5793;ГОСТ 8732 146х32 ст20 7304399290;0
5794;ГОСТ 8732 146х36 ст20 7304399290;0
5801;ГОСТ 8732 146х32 ст35 7304399290;0
5803;ГОСТ 8732 146х14 ст45 7304399290;0
5806;ГОСТ 8732 146х25 ст45 7304399290;0
5808;ГОСТ 8732 146х28 ст45 7304399290;0
5821;ГОСТ 8732 152х 8 ст20 7304399290;0
5843;ГОСТ 8732 152х16 ст35 7304399290;0
5879;ГОСТ 8732 159х25 ст20 7304399290;0
5886;ГОСТ 8732 159х 6 ст35 7304399290;0
5887;ГОСТ 8732 159х12 ст35 7304399290;0
5895;ГОСТ 8732 159х20 ст45 7304399290;0
5908;ГОСТ 8732 168х 6 ст20 7304399290;0
5936;ГОСТ 8732 168х 9 ст35 7304399290;0
5939;ГОСТ 8732 168х28 ст35 7304399290;0
5949;ГОСТ 8732 168х32 ст45 7304399290;0
5968;ГОСТ 8732 180х16 ст20 7304399390;0
5979;ГОСТ 8732 180х45 ст20 7304399390;0
5981;ГОСТ 8732 180х25 ст35 7304399390;0
5985;ГОСТ 8732 180х40 ст45 7304399390;0
5991;ГОСТ 8732 194х 6 ст20 7304193090;0
6000;ГОСТ 8732 194х10 ст20 7304399390;0
6005;ГОСТ 8732 194х14 ст20 7304399390;0
6026;ГОСТ 8732 194х35 ст45 7304399390;0
6037;ГОСТ 8732 203х14 ст20 7304399390;0
6045;ГОСТ 8732 203х28 ст20 7304399390;0
6053;ГОСТ 8732 203х50 ст20 7304399390;0
6057;ГОСТ 8732 203х28 ст35 7304399390;0
6064;ГОСТ 8732 203х40 ст45 7304399390;0
6069;ГОСТ 8732 203х60 ст45 7304193090;0
6070;ГОСТ 8732 219х 6 ст09Г2С 7304399390;0
6077;ГОСТ 8732 219х 7 ст20 7304399390;0
6083;ГОСТ 8732 219х12 ст20 7304193090;0
6091;ГОСТ 8732 219х20 ст20 7304193090;0
6100;ГОСТ 8732 219х30-45 ст20 7304399390;0
6119;ГОСТ 8732 219х22 ст35 7304399390;0
6125;ГОСТ 8732 219х36 ст45 7304399390;0
6147;ГОСТ 8732 245х16 ст20 7304193090;0
6151;ГОСТ 8732 245х20 ст20 7304399390;0
6172;ГОСТ 8732 245х13.5 ст40 Х 7304399390;0
6195;ГОСТ 8732 273х 9 ст20 7304399390;0
6197;ГОСТ 8732 273х10 ст20 7304399390;0
6199;ГОСТ 8732 273х12 ст20 7304399390;0
6205;ГОСТ 8732 273х18 ст20 7304399390;0
6213;ГОСТ 8732 273х30 ст20 7304193090;0
6231;ГОСТ 8732 273х30 ст35 7304399390;0
6236;ГОСТ 8732 273х30 ст45 7304399390;0
6238;ГОСТ 8732 273х36 ст45 7304399390;0
6242;ГОСТ 8732 273х45 ст45 7304399390;0
6243;ГОСТ 8732 273х50 ст45 7304193090;0
6245;ГОСТ 8732 273х56 ст45 7304399290;0
6252;ГОСТ 8732 299х36 ст09Г2С 7304399390;0
6256;ГОСТ 8732 299х10 ст20 7304399390;0
6260;ГОСТ 8732 299х14 ст20 7304399390;0
6262;ГОСТ 8732 299х16 ст20 7304399390;0
6263;ГОСТ 8732 299х18 ст20 7304399390;0
6267;ГОСТ 8732 299х25 ст20 7304399390;0
6273;ГОСТ 8732 299х40 ст20 7304399390;0
6298;ГОСТ 8732 325х 7 ст20 7304399390;0
6303;ГОСТ 8732 325х10 ст20 7304399390;0
6316;ГОСТ 8732 325х25 ст20 7304399390;0
6318;ГОСТ 8732 325х30 ст20 7304399390;0
6337;ГОСТ 8732 325х20 ст35 7304399390;0
6345;ГОСТ 8732 325х36 ст45 7304399390;0
6348;ГОСТ 8732 325х45 ст45 7304399390;0
6357;ГОСТ 8732 351х12 ст20 7304399390;0
6358;ГОСТ 8732 351х14 ст20 7304399390;0
6380;ГОСТ 8732 351х30 ст45 7304399390;0
6387;ГОСТ 8732 377х10 ст20 7304399390;0
6389;ГОСТ 8732 377х12 ст20 7304399390;0
6393;ГОСТ 8732 377х16 ст20 7304399390;0
6395;ГОСТ 8732 377х18 ст20 7304399390;0
6397;ГОСТ 8732 377х20 ст20 7304399390;0
6401;ГОСТ 8732 377х25 ст20 7304399390;0
6425;ГОСТ 8732 377х36 ст45 7304399390;0
6432;ГОСТ 8732 114х 5 ст10 7304399290;0
6439;ГОСТ 8732 114х 4.5 ст20 7304399290;0
6451;ГОСТ 8732 114х10 ст20 7304399290;0
6457;ГОСТ 8732 114х16 ст20 7304399290;0
6471;ГОСТ 8732 114х16 ст35 7304399290;0
6477;ГОСТ 8732 114х28 ст45 7304399290;0
6537;ГОСТ 8732 102х 4 ст20 7304399290;0
6560;ГОСТ 8732 102х22 ст20 7304399290;0
6567;ГОСТ 8732 102х18 ст35 7304399290;0
6569;ГОСТ 8732 102х24 ст35 7304399290;0
6572;ГОСТ 8732 102х24 ст45 7304399290;0
6587;ГОСТ 8732 95х 8 ст20 7304399290;0
6596;ГОСТ 8732 95х14 ст20 7304399290;0
6612;ГОСТ 8732 95х11 ст35 7304399290;0
6626;ГОСТ 8732 89х 3.5 ст10 7304399290;0
6630;ГОСТ 8732 89х 6.5 ст17Г1С 7304399290;0
6633;ГОСТ 8732 89х 3.5 ст20 7304399290;0
6641;ГОСТ 8732 89х 7 ст20 7304399290;0
6647;ГОСТ 8732 89х10 ст20 7304399290;0
6648;ГОСТ 8732 89х11 ст20 7304399290;0
6650;ГОСТ 8732 89х12 ст20 7304399290;0
6654;ГОСТ 8732 89х16 ст20 7304191090;0
6656;ГОСТ 8732 89х18 ст20 7304191090;0
6664;ГОСТ 8732 89х 6 ст35 7304399290;0
6669;ГОСТ 8732 89х18 ст35 7304399290;0
6679;ГОСТ 8732 89х22 ст45 7304399290;0
6718;ГОСТ 8732 83х16 ст35 7304399290;0
6726;ГОСТ 8732 76х 3.5 ст10 7304399290;0
6727;ГОСТ 8732 76х 4 ст10 7304399290;0
6728;ГОСТ 8732 76х 4.5 ст10 7304399290;0
6735;ГОСТ 8732 76х 4 ст20 7304399290;0
6738;ГОСТ 8732 76х 5 ст20 7304399290;0
6746;ГОСТ 8732 76х10 ст20 7304399290;0
6749;ГОСТ 8732 76х12 ст20 7304399290;0
6751;ГОСТ 8732 76х14 ст20 7304399290;0
6754;ГОСТ 8732 76х16 ст20 7304399290;0
6771;ГОСТ 8732 73х 4 ст10 7304399290;0
6772;ГОСТ 8732 73х 6 ст10 7304399290;0
6776;ГОСТ 8732 73х 4.5 ст20 7304399290;0
6777;ГОСТ 8732 73х 5 ст20 7304399290;0
6778;ГОСТ 8732 73х 5.5 ст20 7304399290;0
6781;ГОСТ 8732 73х 8 ст20 7304399290;0
6789;ГОСТ 8732 73х14 ст20 7304399290;0
6790;ГОСТ 8732 73х15 ст20 7304399290;0
6792;ГОСТ 8732 73х16 ст20 7304399290;0
6805;ГОСТ 8732 73х 5 ст45 7304399290;0
6812;ГОСТ 8732 70х 5 ст20 7304399290;0
6861;ГОСТ 8732 60х 4 ст10 7304399290;0
6862;ГОСТ 8732 60х 5 ст10 7304399290;0
6872;ГОСТ 8732 60х 3.5 ст20 7304399290;0
6888;ГОСТ 8732 60х10 ст20 7304399290;0
6907;ГОСТ 8732 57х 3 ст20 7304399290;0
6908;ГОСТ 8732 57х 3.5 ст20 7304399290;0
6909;ГОСТ 8732 57х 4 ст20 7304399290;0
6912;ГОСТ 8732 57х 5 ст20 7304399290;0
6927;ГОСТ 8732 57х14 ст20 7304399290;0
6934;ГОСТ 8732 51х 3 ст20 7304399290;0
6940;ГОСТ 8732 51х 6 ст20 7304399290;0
6944;ГОСТ 8732 48х 3 ст20 7304399290;0
6949;ГОСТ 8732 48х11 ст20 7304399290;0
6955;ГОСТ 8732 45х 4 ст20 7304399290;0
6966;ГОСТ 8732 42х 3.5 ст20 7304399290;0
6968;ГОСТ 8732 42х 4 ст20 7304399290;0
6978;ГОСТ 8732 42.2х 3.56 ст20 7304399290;0
6983;ГОСТ 8732 48.3х 3 ст20 7304399290;0
7005;ГОСТ 8732 63.5х 4.5 ст10 7304399290;0
7010;ГОСТ 8732 63.5х 3.5 ст20 7304399290;0
7011;ГОСТ 8732 63.5х 4 ст20 7304399290;0
7018;ГОСТ 8732 63.5х 8 ст20 7304399290;0
7053;ГОСТ 8732 32х 4 ст20 7304399290;0
7060;ГОСТ 8732 38х 3 ст20 7304399290;0
7066;ГОСТ 8732 38х 5 ст20 7304399290;0
7076;ГОСТ 8732 60.3х 5 ст17Г1С 7304399290;0
7089;ГОСТ 8732 426х18 ст20 7304199090;0
7096;ГОСТ 8732 426х36 ст20 7304399890;0
7098;ГОСТ 8732 426х40 ст20 7304399890;0
7101;ГОСТ 8732 426х50 ст20 7304399890;0
7108;ГОСТ 8732 426х50 ст45 7304399890;0
7113;ГОСТ 8732 166х15 ст45 7304399290;0
7114;Труба проф. 180х60х 6 ст09Г2С 7304900000;0
7115;Труба проф. 180х60х 6 ст20 7304900000;0
7117;Труба проф. 180х60х 8 ст20 7304900000;0
7120;ГОСТ 8734 12х 2 ст45 7304318090;0
7144;ГОСТ 8734 25х2.3 ст10 7304318090;0
7148;ГОСТ 8734 25х2.2 ст20 7304318090;0
7164;ГОСТ 8734 28х 3 ст20 7304318090;0
7172;ГОСТ 8734 30х 3 ст20 7304318090;0
7188;ГОСТ 8734 32х 1.5 ст20 7304318090;0
7192;ГОСТ 8734 32х 3 ст20 7304318090;0
7194;ГОСТ 8734 32х 4 ст20 7304318090;0
7195;ГОСТ 8734 32х 4.5 ст20 7304318090;0
7207;ГОСТ 8734 35х 5 ст20 7304318090;0
7213;ГОСТ 8734 38х 4 ст20 7304318090;0
7226;ГОСТ 8734 48.3х10 ст17Г1С 7304318090;0
7229;ГОСТ 8734 48.3х 4 ст20 7304318090;0
7230;ГОСТ 8734 48.3х10.15 ст20 7304318090;0
7238;ГОСТ 8734 40х10 ст20 7304318090;0
7244;ГОСТ 8734 45х 4 ст20 7304318090;0
7248;ГОСТ 8734 45х10 ст20 7304318090;0
7260;ГОСТ 8734 48х 3 ст20 7304318090;0
7262;ГОСТ 8734 48х 5 ст20 7304318090;0
7268;ГОСТ 8734 48х11 ст20 7304318090;0
7285;ГОСТ 8734 51х 5 ст20 7304318090;0
7288;ГОСТ 8734 51х10 ст20 7304318090;0
7289;ГОСТ 8734 51х12 ст20 7304318090;0
7290;ГОСТ 8734 51х12.5 ст20 7304318090;0
7304;ГОСТ 8734 55х 3 ст20 7304318090;0
7305;ГОСТ 8734 57х 2 ст10 7304318090;0
7306;ГОСТ 8734 57х 3 ст10 7304318090;0
7328;ГОСТ 8734 62х 4 ст20 7304318090;0
7359;ГОСТ 8734 73х 4 ст10 7304318090;0
7364;ГОСТ 8734 76х 8 ст20 7304318090;0
7379;ГОСТ 8734 27х 3 ст20 7304318090;0
7382;ГОСТ 8734 27х 4 ст20 7304318090;0
7385;ГОСТ 8734 27х 7 ст20 7304318090;0
7396;ГОСТ 8734 42х 3 ст20 7304318090;0
7422;Труба электро 530х10 ст3пс 7305310090;0
7433;Труба проф. 120х120х 5 ст09Г2С 7304900000;0
7434;Труба проф. 120х120х 6 ст09Г2С 7304900000;0
7435;Труба проф. 120х120х 8 ст09Г2С 7304900000;0
7437;Труба проф. 120х120х 5 ст20 7304900000;0
7438;Труба проф. 120х120х 6 ст20 7304900000;0
7439;Труба проф. 120х120х 6 ст20 7305310090;0
7441;Труба проф. 120х120х 8 ст20 7304900000;0
7442;Труба проф. 120х120х10 ст20 7304900000;0
7443;Труба проф. 120х120х12 ст20 7304900000;0
7446;Труба проф. 100х100х 5 ст09Г2С 7304900000;0
7447;Труба проф. 100х100х 6 ст09Г2С 7304900000;0
7448;Труба проф. 100х100х 8 ст09Г2С 7304900000;0
7450;Труба проф. 100х100х 5 ст20 7304900000;0
7451;Труба проф. 100х100х 6 ст20 7304900000;0
7453;Труба проф. 100х100х 8 ст20 7304900000;0
7455;Труба проф. 100х100х10 ст20 7304900000;0
7458;Труба проф. 100х100х 8 ст35 7304900000;0
7460;Труба проф. 110х110х 8 ст09Г2С 7304900000;0
7461;Труба проф. 110х110х 6 ст20 7304900000;0
7463;Труба проф. 140х140х 5 ст09Г2С 7304900000;0
7464;Труба проф. 140х140х 6 ст09Г2С 7304900000;0
7465;Труба проф. 140х140х 8 ст09Г2С 7304900000;0
7466;Труба проф. 140х140х10 ст09Г2С 7304900000;0
7467;Труба проф. 140х140х12 ст09Г2С 7304900000;0
7468;Труба проф. 140х140х 6 ст20 7304900000;0
7470;Труба проф. 140х140х 8 ст20 7304900000;0
7471;Труба проф. 140х140х10 ст20 7304900000;0
7472;Труба проф. 140х140х12 ст20 7304900000;0
7474;Труба проф. 140х140х 9 ст35 7304900000;0
7478;Труба проф. 150х150х 6 ст09Г2С 7304900000;0
7479;Труба проф. 150х150х 8 ст09Г2С 7304900000;0
7480;Труба проф. 150х150х10 ст09Г2С 7304900000;0
7481;Труба проф. 150х150х12 ст09Г2С 7304900000;0
7482;Труба проф. 150х150х 6 ст20 7304900000;0
7483;Труба проф. 150х150х 8 ст20 7304900000;0
7484;Труба проф. 150х150х10 ст20 7304900000;0
7485;Труба проф. 150х150х12 ст20 7304900000;0
7486;Труба проф. 160х160х 6 ст09Г2С 7304900000;0
7488;Труба проф. 160х160х 8 ст09Г2С 7304900000;0
7489;Труба проф. 160х160х10 ст09Г2С 7304900000;0
7490;Труба проф. 160х160х12 ст09Г2С 7305310090;0
7491;Труба проф. 160х160х 6 ст20 7304900000;0
7492;Труба проф. 160х160х 8 ст20 7304900000;0
7493;Труба проф. 160х160х10 ст20 7304900000;0
7494;Труба проф. 160х160х12 ст20 7304900000;0
7497;Труба проф. 180х180х 8 ст09Г2С 7304900000;0
7498;Труба проф. 180х180х10 ст09Г2С 7304900000;0
7499;Труба проф. 180х180х12 ст09Г2С 7304900000;0
7500;Труба проф. 180х180х 6 ст20 7304900000;0
7501;Труба проф. 180х180х 7 ст20 7304900000;0
7502;Труба проф. 180х180х 8 ст20 7304900000;0
7503;Труба проф. 180х180х10 ст20 7304900000;0
7504;Труба проф. 180х180х12 ст20 7304900000;0
7505;Труба проф. 180х180х10 ст35 7304900000;0
7506;Труба проф. 200х200х 8 ст09Г2С 7304900000;0
7508;Труба проф. 200х200х 7 ст20 7304900000;0
7509;Труба проф. 200х200х 8 ст20 7304900000;0
7510;Труба проф. 200х200х10 ст20 7304900000;0
7511;Труба проф. 200х200х12 ст20 7304900000;0
7512;Труба проф. 260х260х 8 ст20 7304900000;0
7514;Труба проф. 90х90х 6 ст09Г2С 7304900000;0
7515;Труба проф. 90х90х 5 ст20 7304900000;0
7516;Труба проф. 90х90х 6 ст20 7304900000;0
7517;Труба проф. 90х90х 7 ст20 7304900000;0
7518;Труба проф. 90х90х 8 ст20 7304900000;0
7519;Труба проф. 90х90х10 ст20 7304900000;0
7520;Труба проф. 80х80х 4 ст09Г2С 7304900000;0
7521;Труба проф. 80х80х 5 ст09Г2С 7304900000;0
7522;Труба проф. 80х80х 6 ст09Г2С 7304900000;0
7523;Труба проф. 80х80х 8 ст09Г2С 7304900000;0
7524;Труба проф. 80х80х10 ст09Г2С 7304900000;0
7525;Труба проф. 80х80х 4 ст20 7304900000;0
7526;"Труба проф. 80х80х 4,5 ст20 7304900000";0
7527;Труба проф. 80х80х 5 ст20 7304900000;0
7528;Труба проф. 80х80х 6 ст20 7304900000;0
7530;Труба проф. 80х80х 8 ст20 7304900000;0
7531;Труба проф. 80х80х10 ст20 7304900000;0
7532;Труба проф. 80х80х 6 ст35 7304900000;0
7533;Труба проф. 80х80х 8 ст35 7304900000;0
7534;Труба проф. 70х70х 5 ст09Г2С 7304900000;0
7536;Труба проф. 70х70х 4 ст20 7304900000;0
7537;Труба проф. 70х70х 5 ст20 7304900000;0
7538;Труба проф. 70х70х 6 ст20 7304900000;0
7540;Труба проф. 70х70х 8 ст20 7304900000;0
7541;Труба проф. 60х60х 4 ст09Г2С 7304900000;0
7542;Труба проф. 60х60х 5 ст09Г2С 7304900000;0
7543;Труба проф. 60х60х 6 ст09Г2С 7304900000;0
7544;Труба проф. 60х60х 4 ст20 7304900000;0
7545;Труба проф. 60х60х 5 ст20 7304900000;0
7546;Труба проф. 60х60х 6 ст20 7304900000;0
7548;Труба проф. 60х60х 5 ст35 7304900000;0
7550;Труба проф. 50х50х 4 ст09Г2С 7304900000;0
7551;Труба проф. 50х50х 5 ст09Г2С 7304900000;0
7552;Труба проф. 50х50х 6 ст09Г2С 7304900000;0
7553;Труба проф. 50х50х 4 ст20 7304900000;0
7554;Труба проф. 50х50х 5 ст20 7304900000;0
7555;Труба проф. 50х50х 6 ст20 7304900000;0
7556;Труба проф. 50х50х 4 ст35 7304900000;0
7557;Труба проф. 42х42х 4 ст20 7304900000;0
7558;Труба проф. 42х42х 5 ст20 7304900000;0
7559;Труба проф. 42х42х 4 ст35 7304900000;0
7560;Труба проф. 40х40х 3 ст09Г2С 7304900000;0
7561;Труба проф. 40х40х 4 ст09Г2С 7304900000;0
7562;Труба проф. 40х40х 5 ст09Г2С 7304900000;0
7563;Труба проф. 40х40х 3 ст20 7304900000;0
7564;Труба проф. 40х40х 4 ст20 7304900000;0
7565;"Труба проф. 40х40х 4,5 ст20 7304900000";0
7566;Труба проф. 40х40х 5 ст20 7304900000;0
7567;Труба проф. 40х40х 6 ст20 7304900000;0
7569;Труба проф. 120х100х 6 ст20 7304900000;0
7570;Труба проф. 120х100х 8 ст20 7304900000;0
7571;Труба проф. 120х100х10 ст20 7304900000;0
7572;Труба проф. 120х80х 5 ст09Г2С 7304900000;0
7573;Труба проф. 120х80х 6 ст09Г2С 7304900000;0
7574;Труба проф. 120х80х 8 ст09Г2С 7304900000;0
7576;Труба проф. 120х80х 5 ст20 7304900000;0
7577;Труба проф. 120х80х 6 ст20 7304900000;0
7578;Труба проф. 120х80х 8 ст20 7304900000;0
7579;Труба проф. 120х80х10 ст20 7304900000;0
7581;Труба проф. 120х60х 6 ст09Г2С 7304900000;0
7583;Труба проф. 120х60х 5 ст20 7304900000;0
7584;Труба проф. 120х60х 6 ст20 7304900000;0
7585;Труба проф. 120х60х 8 ст20 7304900000;0
7586;Труба проф. 120х60х10 ст20 7304900000;0
7588;ГОСТ 8734 44.5х 7.1 ст17Г1С 7304318090;0
7590;Труба проф. 120х40х 6 ст20 7304900000;0
7592;Труба проф. 100х80х 6 ст09Г2С 7304900000;0
7593;Труба проф. 100х80х 5 ст20 7304900000;0
7594;Труба проф. 100х80х 6 ст20 7304900000;0
7595;Труба проф. 100х80х 8 ст20 7304900000;0
7596;Труба проф. 100х80х10 ст20 7304900000;0
7597;Труба проф. 100х60х 4 ст09Г2С 7304900000;0
7598;Труба проф. 100х60х 6 ст09Г2С 7304900000;0
7599;Труба проф. 100х60х 8 ст09Г2С 7304900000;0
7600;Труба проф. 100х60х 4 ст20 7304900000;0
7601;Труба проф. 100х60х 5 ст20 7304900000;0
7602;Труба проф. 100х60х 6 ст20 7304900000;0
7603;Труба проф. 100х60х 8 ст20 7304900000;0
7604;Труба проф. 100х50х 5 ст09Г2С 7304900000;0
7605;Труба проф. 100х50х 6 ст09Г2С 7304900000;0
7607;Труба проф. 100х50х 5 ст20 7304900000;0
7608;Труба проф. 100х50х 6 ст20 7304900000;0
7610;Труба проф. 100х50х 8 ст20 7304900000;0
7611;Труба проф. 100х50х 6 ст35 7304900000;0
7612;Труба проф. 80х60х 4 ст20 7304900000;0
7613;Труба проф. 80х60х 5 ст20 7304900000;0
7615;Труба проф. 80х60х 6 ст20 7304900000;0
7616;Труба проф. 80х60х 8 ст20 7304900000;0
7617;Труба проф. 80х60х 5 ст35 7304900000;0
7618;Труба проф. 80х60х 6 ст35 7304900000;0
7620;Труба проф. 80х40х 5 ст09Г2С 7304900000;0
7621;Труба проф. 80х40х 6 ст10 7304900000;0
7622;Труба проф. 80х40х 4 ст20 7304900000;0
7623;Труба проф. 80х40х 5 ст20 7304900000;0
7624;Труба проф. 80х40х 5.5 ст20 7304900000;0
7625;Труба проф. 80х40х 6 ст20 7304900000;0
7627;Труба проф. 70х50х 4 ст09Г2С 7304900000;0
7628;Труба проф. 70х50х 5 ст09Г2С 7304900000;0
7629;Труба проф. 70х50х 6 ст09Г2С 7304900000;0
7630;Труба проф. 70х50х 4 ст20 7304900000;0
7632;Труба проф. 70х50х 5 ст20 7304900000;0
7633;Труба проф. 70х50х 6 ст20 7304900000;0
7634;Труба проф. 70х50х 4 ст35 7304900000;0
7636;Труба проф. 70х50х 6 ст35 7304900000;0
7639;Труба проф. 160х80х 5 ст20 7304900000;0
7640;Труба проф. 160х80х 6 ст20 7304900000;0
7641;Труба проф. 160х80х 8 ст20 7304900000;0
7642;Труба проф. 160х80х10 ст20 7304900000;0
7643;Труба проф. 160х80х10 ст35 7304900000;0
7644;Труба проф. 160х100х6 ст09Г2С 7304900000;0
7645;"Труба проф. 160х100х4,5 ст20 7304900000";0
7646;Труба проф. 160х100х5 ст20 7304900000;0
7647;Труба проф. 160х100х6 ст20 7304900000;0
7648;Труба проф. 160х100х8 ст20 7304900000;0
7649;Труба проф. 160х120х 5 ст09Г2С 7304900000;0
7651;Труба проф. 160х120х 8 ст09Г2С 7304900000;0
7652;Труба проф. 160х120х 5 ст20 7304900000;0
7653;Труба проф. 160х120х 5 ст20 7304900000;0
7654;Труба проф. 160х120х 6 ст20 7304900000;0
7655;Труба проф. 160х120х 8 ст20 7304900000;0
7656;Труба проф. 160х120х10 ст20 7304900000;0
7657;Труба проф. 160х140х 6 ст20 7304900000;0
7658;Труба проф. 160х140х 8 ст20 7304900000;0
7659;Труба проф. 200х150х 6 ст09Г2С 7304900000;0
7660;Труба проф. 200х150х 8 ст09Г2С 7304900000;0
7661;Труба проф. 200х150х10 ст09Г2С 7304900000;0
7663;Труба проф. 200х150х 8 ст20 7304900000;0
7664;Труба проф. 200х150х10 ст20 7304900000;0
7669;Труба проф. 200х160х 8 ст09Г2С 7304900000;0
7670;Труба проф. 200х160х10 ст09Г2С 7304900000;0
7671;Труба проф. 200х160х 6 ст20 7304900000;0
7672;Труба проф. 200х160х 8 ст20 7304900000;0
7673;Труба проф. 200х160х10 ст20 7304900000;0
7676;Труба проф. 200х100х 8 ст09Г2С 7304900000;0
7677;Труба проф. 200х100х10 ст09Г2С 7304900000;0
7678;Труба проф. 200х100х 6 ст20 7304900000;0
7679;Труба проф. 200х100х 8 ст20 7304900000;0
7680;Труба проф. 200х100х10 ст20 7304900000;0
7681;Труба проф. 200х100х12 ст20 7304900000;0
7683;Труба проф. 180х100х 8 ст09Г2С 7304900000;0
7684;Труба проф. 180х100х10 ст09Г2С 7304900000;0
7685;Труба проф. 180х100х 6 ст20 7304900000;0
7686;Труба проф. 180х100х 8 ст20 7304900000;0
7687;Труба проф. 180х100х10 ст20 7304900000;0
7688;Труба проф. 180х100х12 ст20 7304900000;0
7690;Труба проф. 180х140х 6 ст09Г2С 7304900000;0
7691;Труба проф. 180х140х 8 ст09Г2С 7304900000;0
7692;Труба проф. 180х140х 6 ст20 7304900000;0
7693;Труба проф. 180х140х 8 ст20 7304900000;0
7695;Труба проф. 100х40х 5 ст20 7304900000;0
7696;Труба проф. 100х70х 5 ст09Г2С 7304900000;0
7697;Труба проф. 100х70х 6 ст09Г2С 7304900000;0
7698;Труба проф. 100х70х 5 ст20 7304900000;0
7699;Труба проф. 100х70х 6 ст20 7304900000;0
7700;Труба проф. 100х70х 7 ст20 7304900000;0
7701;Труба проф. 150х100х 6 ст09Г2С 7304900000;0
7702;Труба проф. 150х100х 8 ст09Г2С 7304900000;0
7703;Труба проф. 150х100х10 ст09Г2С 7304900000;0
7704;Труба проф. 150х100х 5 ст20 7304900000;0
7705;Труба проф. 150х100х 6 ст20 7304900000;0
7706;Труба проф. 150х100х 8 ст20 7304900000;0
7707;Труба проф. 150х100х10 ст20 7304900000;0
7710;Труба проф. 140х100х 6 ст09Г2С 7304900000;0
7711;Труба проф. 140х100х 5 ст20 7304900000;0
7712;Труба проф. 140х100х 6 ст20 7304900000;0
7713;Труба проф. 140х100х 8 ст20 7304900000;0
7714;Труба проф. 140х100х10 ст20 7304900000;0
7715;Труба проф. 140х120х 5 ст09Г2С 7304900000;0
7716;Труба проф. 140х120х 6 ст09Г2С 7304900000;0
7717;Труба проф. 140х120х 5 ст20 7304900000;0
7718;Труба проф. 140х120х 6 ст20 7304900000;0
7719;Труба проф. 140х120х 8 ст20 7304900000;0
7721;Труба проф. 140х80х 6 ст09Г2С 7304900000;0
7722;Труба проф. 140х80х 8 ст09Г2С 7304900000;0
7723;Труба проф. 140х80х 5 ст20 7304900000;0
7724;Труба проф. 140х80х 6 ст20 7304900000;0
7725;Труба проф. 140х80х 8 ст20 7304900000;0
7726;Труба проф. 140х80х10 ст20 7304900000;0
7727;Труба проф. 160х110х 6.3 ст20 7304900000;0
7728;Труба проф. 160х90х 6 ст20 7304900000;0
7729;Труба проф. 160х90х 8 ст20 7304900000;0
7730;Труба проф. 210х100х 6 ст09Г2С 7304900000;0
7731;Труба проф. 210х100х 8 ст09Г2С 7304900000;0
7732;Труба проф. 210х100х 8 ст20 7304900000;0
7734;Труба проф. 140х60х 5 ст20 7304900000;0
7735;Труба проф. 140х60х 6 ст20 7304900000;0
7736;Труба проф. 140х60х 8 ст20 7304900000;0
7737;Труба проф. 250х110х 8 ст09Г2С 7304900000;0
7739;Труба проф. 250х110х 8 ст20 7304900000;0
7740;Труба проф. 250х110х10 ст20 7304900000;0
7741;Труба проф. 60х40х 4 ст09Г2С 7304900000;0
7742;Труба проф. 60х40х 5 ст09Г2С 7304900000;0
7743;Труба проф. 60х40х 4 ст20 7304900000;0
7744;Труба проф. 60х40х 5 ст20 7304900000;0
7745;Труба проф. 60х40х 6 ст20 7304900000;0
7746;Труба проф. 60х40х 4 ст35 7304900000;0
7747;Труба проф. 60х40х 5 ст35 7304900000;0
7773;Труба проф. 144х104х 6 ст20 7304900000;0
7774;Труба проф. 280х160х 8 ст20 7304900000;0
7785;Труба проф. 90х50х6 ст20 7304900000;0
7797;Труба проф. 61.5х61.5х 8 ст20 7304900000;0
7801;Труба проф. 80х50х 6 ст09Г2С 7304900000;0
7802;Труба проф. 80х50х 4 ст20 7304900000;0
7803;Труба проф. 80х50х 5 ст20 7304900000;0
7804;Труба проф. 80х50х 6 ст20 7304900000;0
7809;ГОСТ 8734 22х4 ст20 7304318090;0
7816;ГОСТ 8734 21х 4.5 ст10 7304318090;0
7817;ГОСТ 8734 21х 2 ст20 7304318090;0
7818;ГОСТ 8734 21х 2.5 ст20 7304318090;0
7837;Труба проф. 303х303х10 ст09Г2С 7304900000;0
7838;Труба проф. 303х303х10 ст20 7304900000;0
7843;Труба проф. 220х220х 8 ст20 7304900000;0
7845;Труба проф. 220х220х12 ст20 7304900000;0
7846;Труба проф. 220х140х 6 ст20 7304900000;0
7848;Труба проф. 220х140х 8 ст20 7304900000;0
7877;Труба проф. 51х41х 4 ст20 7304900000;0
7879;Труба проф. 403х203х10 ст09Г2С 7304900000;0
7880;Труба проф. 403х203х10 ст20 7304900000;0
7915;Труба проф. 140х110х 8 ст20 7304900000;0
7938;ГОСТ 8734 27.7х3 ст10 7304318090;0
7939;ГОСТ 8734 25.4х2 ст10 7304318090;0
7940;ГОСТ 8734 26.7х 5 ст10 7304318090;0
7943;Труба проф. 400х210х10 ст20 7304900000;0
7947;ГОСТ 8734 15х4.5 ст10 7304318090;0
7952;ГОСТ 8734 23х2.5 ст20 7304318090;0
7954;ГОСТ 8734 23х3 ст35 7304318090;0
7984;Труба проф. 220х100х8 ст20 7304900000;0
8015;Труба проф. електрозварна 360х255х10 ст3пс 7304900000;0
8016;Труба проф. електрозварна 401х201-205х10 ст3пс 7304900000;0
8030;ГОСТ 8732 406х45 ст09Г2С 7304399390;0
8038;ГОСТ 8732 406х30 ст20 7304399890;0
8042;ГОСТ 8732 406х60 ст20 7304399390;0
8043;ГОСТ 8732 406х40 ст45 7304399390;0
8054;Труба проф. 180х120х 8 ст20 7304900000;0
8064;Труба проф. 260х140х8 ст20 7304900000;0
8083;Труба проф. 150х90х 6 ст20 7304900000;0
8085;Труба проф. 180х133х 8 ст20 7304900000;0
8090;Труба проф. 400х250х10 ст20 7304900000;0
8107;Труба проф. 260х180х10 ст20 7304900000;0
8124;Труба проф. 310х210х8 ст20 7304900000;0
8137;Арматура 12мм   _1;0
8176;Труба проф. 173х173х16 ст09Г2С 7304900000;0
8179;ГОСТ 8732 50х 3 ст20 7304399290;0
8194;ГОСТ 8732 47х 3 ст20 7304399290;0
8214;Труба проф. 180х75х 8 ст20 7304900000;0
8216;Труба проф. 150х80х 5 ст20 7304900000;0
8217;Труба проф. 150х80х 6 ст20 7304900000;0
8218;Труба проф. 150х80х 8 ст20 7304900000;0
8219;Труба проф. 150х80х10 ст20 7304900000;0
8220;Труба проф. 110х60х 4 ст20 7304900000;0
8221;Труба проф. 110х60х 6 ст20 7304900000;0
8233;Труба проф. 240х160х 8 ст20 7304900000;0
8234;Труба проф. 240х160х10 ст20 7304900000;0
8237;Труба проф. 240х120х8 ст20 7304900000;0
8241;Труба проф. 300х200х 8 ст20 7304900000;0
8242;Труба проф. 300х200х 9 ст20 7304900000;0
8243;Труба проф. 300х200х10 ст20 7304900000;0
8244;Труба проф. 180х80х 5 ст20 7304900000;0
8245;Труба проф. 180х80х 6 ст20 7304900000;0
8246;Труба проф. 180х80х 7 ст20 7304900000;0
8247;Труба проф. 180х80х 8 ст20 7304900000;0
8248;Труба проф. 180х150х 8 ст20 7304900000;0
8250;Труба проф. 180х150х12 ст20 7304900000;0
8251;Труба проф. 250х150х 8 ст09Г2С 7304900000;0
8252;Труба проф. 250х150х10 ст09Г2С 7304900000;0
8253;Труба проф. 250х150х 8 ст20 7304900000;0
8254;Труба проф. 250х150х10 ст20 7304900000;0
8255;Труба проф. 250х150х12 ст20 7304900000;0
8481;Труба проф. 200х80х 8 ст09Г2С 7304900000;0
8482;Труба проф. 200х80х 6 ст20 7304900000;0
8483;Труба проф. 200х80х 8 ст20 7304900000;0
8509;Труба проф. 310х306х10 ст20 7304900000;0
8510;Труба проф. 309х306х10 ст20 7304900000;0
8623;Брухт сталевий;0
8661;Труба проф. електрозварна 360х250х10 ст3пс 7304900000;0
8773;EN 10210-1:2006 219.1х10 стS355J2H 7304193090;0
8787;ГОСТ 8732 48.3х 2.6 ст20 7304399290;0
8792;ГОСТ 8732 146х30 ст45 7304399290;0
8793;ГОСТ 8732 152х36 ст45 7304399290;0
8796;"КАНАТ СВ 11,5";0
8797;"Катанка 5,5мм ст SAE";0
8800;Леска;0
8801;тр. 60*60 *4;0
8802;"Эл.ДвигательАИР160М2 18,5кВт300об";0
8803;JUT Agrass POPULAR 15/140.4х25 (покриття тафтингов;0
8806;Клей UZIN KR 436 AIL Weather A+B 13.2кг;0
8807;Металлопластиковые изделия;0
8808;Стрічка  для приклею. стиків штучної трави;0
8809;"ЕТІКА Розетка 2к+3, білий";0
8810;Профіль КНАУФ С/27/60/27/06/3000;0
8811;"Keraflex Extra S1 Grey/25 - Керафлекс Екстра С1, сірий (Польща)";0
8815;Бланк Карта спецодяг;0
8816;БЛОКконтакт КТ/КТП;0
8817;БЛОКконтактный;0
8821;Висетримач;0
8822;Втулка;0
8823;Выключ.авт.DZ47-60;0
8824;Выключатель 1кл.Meridian;0
8825;Выключатель ВП 16-23Б-231-55 У2.3;0
8826;Выключатель кинцев.ВУ-22-2Б;0
8827;Гайка+шайба;0
8828;Гофротруба двухшар.KF 09040 UVFA;0
8829;Гофротруба чорная 320N;0
8834;Запобижник ПН111-10-10-20У1;0
8835;"Запобіжник ПТ 111.10-10-31,5 УЗ";0
8837;Ізолента ПВХ 50м.;0
8838;Индикаторная пломба;0
8840;"КАБЕЛЬ ВВГнг 3х2,5";0
8843;Камутатор;0
8844;"КАНАТ СВ 8,3";0
8846;Клей для склошобой Quelyd (500кг).;0
8848;Колесо зубчатое;0
8849;КОЛОДКА;0
8850;КОЛОДКА торм.ТКТ-2000;0
8851;Контакт для ПМА-5100;0
8852;Контакт для пускателя ПМА-5000;0
8853;Контакт до ПМА - 4100 нерух.;0
8854;Контакт до ПМА - 4100 рух.;0
8855;Контакт к ПМА-4000 С (Нерухомий);0
8856;Контакт к ПМА-4000 С (рухомий);0
8857;Контакт КТ/КТП 6010 нерух.;0
8858;Контакт КТ/КТП 6010 рух.;0
8859;Контактор зм.стр.NC1-1210220V;0
8860;Контактор зм.стр.NC1-2510220V;0
8861;Контактор КТ 6023Б;0
8863;Котушка МО-100 380 ПВ-100;0
8864;Крепления руля;0
8865;Кронштейн подвесной 370;0
8866;КРЫШКА кранового колеса;0
8867;Лампа с/д ВТ- 568 С37 7W E27;0
8868;"ЛЕНТА огражд.75х0,045";0
8869;Лист г/к2мм 1000х2000;0
8872;МАСЛО трансмис.(бочка216м.куб);0
8873;Металлорукав;0
8874;"МОТОР-редуктор 4МП-50-22,4-590Н";0
8875;Нож обрезной;0
8878;ПАНЕЛЬ;0
8879;ПЗВNL1-63;0
8882;Подвес пр.ун.60х125уп.10шт(22паков);0
8883;Подложка изоляц.;0
8884;Подшипник;0
8885;Подшипник 209;0
8886;Подшипник 210;0
8889;Показатель напряжения;0
8890;Полумуфта двигателя Кр.козл. 1;0
8892;Полумуфта кулачкова 10.07;0
8893;Полумуфта редуктора Кр.Козл.№1;0
8894;"ПРОВОД ШВВП 2х2,5";0
8895;"ПРОВОД ШВВП 3х1,5";0
8896;"ПРОВОД ШВВП3х2,5";0
8899;Пускатель ПМА 4600;0
8903;Разьем с загл.1х16А(каучук);0
8905;РЕМЕНЬ;0
8908;Решетка з дод.обрамлением;0
8910;Розетка с з/к с з/ш с крышкой Meridian;0
8915;Светильник 12W 6400K LED;0
8918;Свеча;0
8922;Средство дезифицирующее"АХД 2000 экспресс" 5л.;0
8924;Стекло триплекс;0
8926;"СТРОП  г/п 2,5 т 2500";0
8928;СТРОП 4СК в/п 10т2500м;0
8930;"Строп в/п 4,0тн 5000";0
8931;"Строп в/п 5,0тн 5000";0
8932;"СТРОП ВК 4,0";0
8934;Сцепление;0
8936;Труба гофрована ПВХ (черная) д20;0
8937;Трубка ПВХ;0
8939;Угол внутр.;0
8940;Угол наружн.;0
8941;Уголок МДФ универс.Дуб;0
8942;Фиксатор на Дин-рейку;0
8943;Фланец зубчатый Кр.козл. №1Т.09.06;0
8944;Чашка сцепления;0
8945;Шкив тормозной 08.06;0
8946;Шкив тормозной 09.08;0
8948;Шкив тормозной 09.12;0
8949;Шкив тормозной 10.08;0
8950;Шкив тормозной 10.11;0
8951;ШПАЛЫ ДЕРЕВЯННЫЕ;0
8955;Щетка М-1 10х25х32 к1;0
8956;ЩЕТКА эл.;0
8957;"Эл.щетка МГ 12,5х32х40";0
8958;"Эмаль пентафл.белая (2,8кг)";0
8959;"Эмаль пентафл.коричневая (2,8кг)";0
8960;Эмаль ПФ-115 (12кг);0
8961;Эмаль ПФ-115 К серая (12кг);0
8962;Диск жостк.(дляс-мы видеон.уч.5.);0
8965;Нож райдера 5796525-10;0
8968;"СТРОП канат. 2,5 т 3500";0
8970;ЭгозаКазачка;0
8976;ЛИСТ 10*1500*6000;0
8977;Лист 16;0
8978;ЛИСТ 45;0
8979;Лист 63;0
8980;ЛИСТ г/к б-22мм;0
8981;ЛИСТ г/к б-30мм;0
8982;ЛИСТ г/к б-40мм;0
9014;ГОСТ 8732 159х25 ст45 7304399290;0
9016;"Бокс для автомобіля  літера Г (22,3кв.м.)";0
9018;"Бокс для автомобіля літера Е(22,3кв.м.)";0
9019;"Комплекс м.Нов-к.вул.Пiвнiчна,23Б";0
9020;"Нежитлове приміщення 7 поверх. приміщення №701,702,703,704  (569,8 м2)";0
9022;Люнет;0
9023;"Манометр МТП-60С 4,5м";0
9025;Счетчик мотогодин.228ЧП;0
9048;АИ -95;0
9050;ГАЗ;0
9055;ДТ;0
9057;БОЧКА;0
9065;Закрутка ТЕМП;0
9066;"ЗПП ц. 30,26";0
9067;Кресло;0
9068;Стол  письменный;0
9069;Стул;0
9075;ГОСТ 8732 73х20 ст35 7304399290;0
9078;ГОСТ 8732 219х50 ст35 7304399390;0
9120;Фланец зубчатый Кр.козл. №1Т.08.12;0
9128;КАРТОЧКИ СКЛ.УЧЕТА;0
9132;"Канат ДСТ 2688-80(8,3мм, А2(змазан)";0
9136;Рукавиці технічні СКЛЯР;0
9138;Печать с автом.оснасткой40мм;0
9139;Штамп 56х20 предприятия;0
9140;Штамп 58х38 предприятия;0
9141;Банданы-трансформер;0
9143;Брюки утепл.Зима;0
9144;Жилет сигнальный (с вышивкой);0
9145;Жилет сигнальный Жовт. АЛЕКС.;0
9148;Жилет сигнальный САЛАТОВ;0
9149;КАСКА ЗАЩИТНАЯ;0
9151;КУРТКА ВАТНАЯ;0
9152;КУРТКА Универсал;0
9154;Куртка утепл.ЗИМА;0
9157;Напівчеревики робочі FIRLOW 01;0
9158;Печать;0
9161;ПЛАЩ посил. на кноп.;0
9162;ПОДШЛЕМНИК;0
9163;Сапоги кирзовые;0
9168;Чоботи ПВХ ЄВРО;0
9169;Штамп;0
9207;Папір А4 500арк.;0
9209;Конструкціі алюміневі;0
9212;Труба проф. 220х180х10 ст20 7304900000;0
9222;ГОСТ 8732 140х34 ст20 7304399290;0
9223;ГОСТ 8732 152х22 ст20 7304399290;0
9224;ГОСТ 8732 168х36 ст45 7304399290;0
9225;Труба проф. 150х50х 5 ст20 7304900000;0
9226;Труба проф. 80х40х 5 ст35 7304900000;0
9228;Ролик з віссю;0
9232;"Запасна частина до прожектора,20 W";0
9233;"Запасна частина до прожектора,30 W";0
9235;Лампа  с/д Вт-512 А60 12W E27 4500K матова;0
9236;Вилка (каучуг) з/з 1*16А;0
9239;Клеммна колодка з'єднувальна 3 контакта;0
9241;Ізолента ізоляційна стрічка лафсанова;0
9244;Плазмотрон Р80 для ручноїрізки;0
9245;"СТРОП  канатний СКП 1,6 т (2500мм)";0
9246;"СТРОП  канатний СКП 0,63 т (1500мм)";0
9257;"Флізелін малярний Oscar Fliz OsF85, 85 г/кв.м, 1*50 м";0
9260;"Рукавички гумові діалектричні клас 0, категор.RCB";0
9270;Труба проф. 70х70х 6 ст09Г2С 7304900000;0
9323;ГОСТ 8732 219х18 ст20 7304193090;0
9398;Реле РЄО-401 40А;0
9399;Реле РЄО-401 100А;0
9415;Труба проф. 80х60х 6 ст09Г2С 7304900000;0
9435;ГОСТ 8732 76х 5 ст35 7304399290;0
9496;Розетка потрійна 1*16А (каучук) ІР44 ВК1-1402-3613;0
9503;СТРОП 4СК  10т 2300м;0
9529;Вариатор;0
9532;Насадка;0
9561;ДСТУ 8938:2019 89х 8 ст20 7304399290;0
9571;Трубка коса;0
9572;Нож 40 зуб;0
9578;Цепь на ел/пилу;0
9579;Цепь на б/пилу;0
9587;ТОСОЛ А-40М;0
9617;ДСТУ 8938:2019 377х12 ст20 7304399390;0
9618;ДСТУ 8938:2019 377х10 ст20 7304399390;0
9621;Труба електрозварна 630х10 стS235JR 7305310090;0
9630;ДСТУ 8938:2019 51х 4 ст20 7304399290;0
9634;ДСТУ 8938:2019 83х14 ст35 7304399290;0
9657;"Вимикач авт. DZ47-60 1Р 4,5КА С 16А";0
9658;"Вимикач авт. DZ47-60 1Р 4,5КА С 25А";0
9734;Лампа с/д ВТ-516 А60 15w T27 4500К матова;0
9736;Світильник круглий накладний Videx 12W 5000K 220V;0
9738;"Термоусаджувальна трубка (з клеєм) 12,7/4,2";0
9742;Автовимикач ST-68 3p C 10A (4.5kA);0
9751;ГОСТ 8732 38х 5 ст20 7304199090;0
9771;ДСТУ 8938:2019 203х50 ст45 7304399390;0
9775;ДСТУ 8938:2019 351х25 ст20 7304399390;0
9777;ГОСТ 8732 168х40 ст45 7304399390;0
9782;ГОСТ 8734 160х40 ст20 7304318090;0
9834;Наконечник ДТ-010 мідний пресован.кабельн.(нов);0
9835;Наконечник ДТ-016 мідний пресован.кабельн. (нов);0
9837;"Лампа с/д PHILIPS 9W 600 mm, G13";0
9846;ДСТУ 8938:2019 38х 3.5 ст20 7304399290;0
9853;ДСТУ 8938:2019 60х 3.5 ст20 7304399290;0
9856;ДСТУ 8938:2019 219х14 ст20 7304399390;0
9857;ДСТУ 8938:2019 219х 7 ст20 7304399390;0
9860;ДСТУ 8938:2019 426х30 ст20 7304399890;0
9861;ДСТУ 8938:2019 426х60 ст45 7304399890;0
9882;Труба проф. 150х100х 5 ст09Г2С 7304900000;0
9884;"Ізоляційна втулка М18*1/ О21,6*21";0
9936;ДСТУ 8938:2019 114х25 ст45 7304399290;0
9942;ДСТУ 8938:2019 89х18 ст20 7304399290;0
9949;ДСТУ 8938:2019 140х16 ст35 7304399290;0
9950;ДСТУ 8938:2019 146х18 ст35 7304399290;0
9986;Труба проф. 150х100х 8 ст10 7304900000;0
9987;Труба проф. 150х100х 6.5 ст17Г1С 7304900000;0
9988;Труба проф. 80х60х 4 ст10 7304900000;0
10004;Труба електрозварна 530х10 S235JR 7305310090;0
10008;ГОСТ 8734 89х 8 ст20 7304318090;0
10031;ДСТУ 8938:2019 108х16 ст45 7304398290;0
10034;Труба проф. 70х50х 5.5 ст20 7304900000;0
10040;Перехідник;0
10045;Труба проф. 100х70х 5 ст17Г1С 7304900000;0
10046;Труба проф. 100х70х 6 ст10 7304900000;0
10050;ГОСТ 8732 21х 3 ст20 7304398290;0
10060;ГОСТ 8732 426х40 ст20 7304398890;0
10074;ГОСТ 8732 95х16 ст20 7304398290;0
10078;Труба проф. 100х70х 6.5 ст20 7304900000;0
10085;Тосол- 40 ВАМП кан. п/е 20л.;0
10131;Пластина різальна для UZ-50;0
10133;Гвинт вставний UZ-50;0
10134;Кільце для Manipulator 3D;0
10141;"Провід ПВС 3х2,5";0
10146;Розетка одномісна с з/к РСб20-3-ФСр;0
10171;Балон кисневий (40л) с.в.;0
10174;ДСТУ 8939:2019 22х2 ст20 7304318090;0
10236;ДСТУ 8939:2019 22х4 ст20 7304318090;0
10272;ДСТУ 8939:2019 406х50 ст20 7304318090;0
10279;Запобіжник NH-1 160A 550V DC;0
10280;Насос WILO-STAR-RS 25/6;0
10281;Затискач маси для зварюв.МК 250А;0
10282;Затискач маси для зварюв.МК 600А;0
10283;Башмак до ТКН-9А;0
10294;ДСТУ 8938:2019 377х36 ст20 7304398390;0
10299;ДСТУ 8938:2019 406х10 ст20 7304398390;0
10325;ДСТУ 8939:2019 426х45 ст45 7304318090;0
10332;Труба проф. 70х70х 4 ст09Г2С 7304900000;0
10336;ДСТУ 8938:2019 194х 8 ст20 7304398390;0
10338;Електродвигун OMR63B4 В35;0
10342;ДСТУ 8938:2019 203х30 ст20 7304398390;0
10346;ДСТУ 8938:2019 406х16 ст20 7304398390;0
10348;ДСТУ 8938:2019 426х45 ст45 7304398890;0
10350;ДСТУ 8938:2019 194х20 ст20 7304398390;0
10360;ДСТУ 8938:2019 73х 4 ст20 7304399290;0
10372;Труба проф. 42х42х 6 ст20 7304900000;0
10373;ДСТУ 8938:2019 406х60 ст45 7304398390;0
10380;ДСТУ 8939:2019 22х5 ст20 7304318090;0
10382;ДСТУ 8938:2019 180х18 ст35 7304398390;0
10383;ДСТУ 8938:2019 102х16 ст35 7304398290;0
10389;ДСТУ 8938:2019 152х30 ст35 7304398290;0
10391;ДСТУ 8938:2019 146х36 ст35 7304398290;0
10392;ДСТУ 8938:2019 146х16 ст35 7304398290;0
10393;ДСТУ 8938:2019 146х28 ст35 7304398290;0
10394;ДСТУ 8938:2019 140х18 ст35 7304398290;0
10397;ДСТУ 8938:2019 159х18 ст35 7304398290;0
10431;ГОСТ 10705 89х 3.5 ст3пс 7305310090;0
10432;ГОСТ 10705 114х 4.5 ст3пс 7305310090;0
10433;ГОСТ 10705 127х 4.5 ст3пс 7305310090;0
10436;Реміінь привідний;0
10437;ГОСТ 10705 273х 5 ст1-3пс 7305310090;0
10441;ДСТУ 8938:2019 83х16 ст35 7304398290;0
10442;ДСТУ 8938:2019 152х25 ст35 7304398290;0
10443;ДСТУ 8938:2019 133х 6 ст20 7304398290;0
10446;ДСТУ 8938:2019 89х12 ст20 7304398290;0
10454;ДСТУ 8938:2019 73х 5 ст09Г2С 7304398290;0
10456;ДСТУ 8938:2019 70х 3.5 ст20 7304398290;0
10457;ДСТУ 8938:2019 114х12 ст35 7304398290;0
10466;ДСТУ 8938:2019 89х16 ст35 7304398290;0
10468;ДСТУ 8938:2019 351х14 ст20 7304398390;0
10469;ДСТУ 8938:2019 351х16 ст20 7304398390;0
10471;ДСТУ 8938:2019 325х60 ст20 7304398390;0
10473;Труба проф. 100х100х 4 ст20 7304900000;0
10476;Труба проф. 140х80х 4 ст20 7304900000;0
10484;ДСТУ 8938:2019 180х18 ст20 7304398390;0
10485;ДСТУ 8938:2019 133х22 ст35 7304398290;0
10486;Труба проф. 140х60х 4 ст20 7304900000;0
10487;ДСТУ 8938:2019 89х22 ст35 7304398290;0
10488;ДСТУ 8938:2019 108х18 ст35 7304398290;0
10489;ДСТУ 8938:2019 108х22 ст35 7304398290;0
10490;ДСТУ 8938:2019 152х20 ст35 7304398290;0
10491;ДСТУ 8938:2019 121х10 ст20 7304398290;0
10493;ДСТУ 8938:2019 102х12 ст35 7304398290;0
10494;ДСТУ 8938:2019 180х10 ст20 7304398390;0
10499;ДСТУ 8938:2019 38х 2.6 ст20 7304398290;0
10500;ДСТУ 8938:2019 45х 5 ст20 7304398290;0
10501;Труба проф. 120х80х 4 ст20 7304900000;0
10506;Вугілля актив.з ромаш.таб.№10;0
10511;Аміаку р-н 10% 40мл.;0
10512;Аптечка мед.автомобільна-1;0
10515;ДСТУ 8938:2019 146х12 ст35 7304398290;0
10517;ДСТУ 8938:2019 146х 8 ст20 7304398290;0
10519;ДСТУ 8938:2019 159х 5 ст20 7304398290;0
10521;"Валідол таб. 0,06г №10";0
10530;Каптопрес-Дарница таб.25мг №20;0
10531;"Корвалмент капс.0,1г №30";0
10539;Панель ПВХ ЕХ 07.01 "Ліон white" 7*250*3000мм/1шт=075кв.м/;0
10541;ДСТУ 8938:2019 89х 5 ст09Г2С 7304398290;0
10543;ДСТУ 8938:2019 121х16 ст35 7304398290;0
10544;ДСТУ 8938:2019 57х 4.5 ст20 7304398290;0
10545;ДСТУ 8938:2019 406х12 ст20 7304398390;0
10546;ДСТУ 8938:2019 108х 6 ст20 7304398290;0
10548;ДСТУ 8938:2019 219х 8 ст20 7304398390;0
10549;ДСТУ 8938:2019 245х 8 ст20 7304398390;0
10550;ДСТУ 8938:2019 406х40 ст20 7304398390;0
10552;ДСТУ 8938:2019 108х 4 ст20 7304398290;0
10553;ДСТУ 8938:2019 102х12 ст20 7304398290;0
10554;ДСТУ 8938:2019 159х 6 ст20 7304398290;0
10555;ДСТУ 8938:2019 114х 8 ст20 7304398290;0
10556;ДСТУ 8938:2019 89х 6 ст20 7304398290;0
10557;ДСТУ 8938:2019 57х 6 ст20 7304398290;0
10558;ДСТУ 8938:2019 57х 4 ст20 7304398290;0
10559;ДСТУ 8938:2019 273х42 ст20 7304398390;0
10561;ДСТУ 8938:2019 194х25 ст20 7304398390;0
10562;ДСТУ 8938:2019 108х25 ст45 7304398290;0
10564;ДСТУ 8938:2019 121х14 ст35 7304398290;0
10565;ДСТУ 8938:2019 121х20 ст20 7304398290;0
10566;ДСТУ 8938:2019 159х 8 ст20 7304398290;0
10567;ДСТУ 8938:2019 89х14 ст20 7304398290;0
10568;ДСТУ 8938:2019 219х14 ст20 7304398390;0
10569;ДСТУ 8938:2019 159х10 ст20 7304398290;0
10570;ДСТУ 8938:2019 133х10 ст20 7304398290;0
10571;ДСТУ 8938:2019 140х16 ст35 7304398290;0
10573;ДСТУ 8938:2019 60х 4 ст20 7304398290;0
10574;ДСТУ 8938:2019 152х 6 ст20 7304398290;0
10575;ДСТУ 8938:2019 159х 4.5 ст20 7304398290;0
10576;ДСТУ 8938:2019 180х 8 ст20 7304398390;0
10578;ДСТУ 8938:2019 194х25 ст35 7304398390;0
10579;ДСТУ 8938:2019 325х14 ст20 7304398390;0
10580;ДСТУ 8938:2019 32х 2.6 ст20 7304398290;0
10581;ДСТУ 8938:2019 57х 5 ст20 7304398290;0
10582;ДСТУ 8938:2019 32х 3 ст20 7304398290;0
10583;ДСТУ 8938:2019 51х 2.5 ст20 7304398290;0
10584;ДСТУ 8938:2019 33.7х 3 ст20 7304398290;0
10585;ДСТУ 8938:2019 33.7х 4 ст20 7304398290;0
10586;ДСТУ 8938:2019 89х 4 ст20 7304398290;0
10587;ДСТУ 8938:2019 76х 4 ст20 7304398290;0
10588;ДСТУ 8938:2019 351х40 ст20 7304398390;0
10590;ДСТУ 8938:2019 406х60 ст20 7304398390;0
10591;ДСТУ 8938:2019 51х 5 ст20 7304398290;0
10592;ДСТУ 8938:2019 42х 4 ст20 7304398290;0
10593;ДСТУ 8938:2019 42х 4.5 ст20 7304398290;0
10594;ДСТУ 8938:2019 83х12 ст20 7304398290;0
10595;ДСТУ 8938:2019 42х 5 ст20 7304398290;0
10596;ДСТУ 8938:2019 48.3х 5 ст20 7304398290;0
10597;ДСТУ 8938:2019 50х 5 ст20 7304398290;0
10599;ДСТУ 8938:2019 51х 3 ст20 7304398290;0
10600;ДСТУ 8938:2019 60х 3 ст20 7304398290;0
10601;ДСТУ 8938:2019 60х 3.5 ст20 7304398290;0
10602;ДСТУ 8938:2019 76х 5 ст20 7304398290;0
10603;ДСТУ 8938:2019 83х16 ст20 7304398290;0
10604;ДСТУ 8938:2019 76х 3.5 ст20 7304398290;0
10606;ДСТУ 8938:2019 83х 8 ст20 7304398290;0
10608;ДСТУ 8938:2019 83х14 ст35 7304398290;0
10609;ДСТУ 8938:2019 83х18 ст35 7304398290;0
10610;ДСТУ 8938:2019 89х 5 ст20 7304398290;0
10611;ДСТУ 8938:2019 89х 8 ст20 7304398290;0
10613;ДСТУ 8938:2019 83х12 ст35 7304398290;0
10614;ДСТУ 8938:2019 108х 5 ст20 7304398290;0
10616;Наконечник мідний 35-10-9;0
10617;Наконечник мідний DT-50/10;0
10618;Провід ПВ-3 10;0
10621;Стяжка кабельна пласт.5х300мм;0
10622;"Термоусаджувальна трубка 4,0/2,0 шт.(1м)";0
10626;Пружина сц;0
10628;Комутатор;0
10638;ДСТУ 8938:2019 273х 8 ст20 7304398390;0
10639;ДСТУ 8938:2019 108х 8 ст20 7304398290;0
10640;ДСТУ 8938:2019 60х 5 ст20 7304398290;0
10641;ДСТУ 8938:2019 133х30 ст35 7304398290;0
10642;ДСТУ 8938:2019 89х10 ст20 7304398290;0
10643;ДСТУ 8938:2019 426х10 ст20 7304398890;0
10644;ДСТУ 8938:2019 426х 9 ст20 7304398890;0
10645;ДСТУ 8938:2019 76х12 ст20 7304398290;0
10646;ДСТУ 8938:2019 245х40 ст20 7304398390;0
10647;ДСТУ 8938:2019 48.3х 3 ст20 7304398290;0
10648;ДСТУ 8938:2019 133х 5 ст20 7304398290;0
10649;ДСТУ 8938:2019 76х16 ст20 7304398290;0
10650;ДСТУ 8938:2019 102х22 ст20 7304398290;0
10651;ДСТУ 8938:2019 32х 4 ст20 7304398290;0
10652;ДСТУ 8938:2019 50х 3 ст20 7304398290;0
10661;Втулка дистанційна;0
10683;ДСТУ 8938:2019 194х20 ст35 7304398390;0
10685;ДСТУ 8938:2019 114х14 ст20 7304398290;0
10686;ДСТУ 8938:2019 57х 3 ст20 7304398290;0
10687;ДСТУ 8938:2019 273х 7 ст20 7304398390;0
10689;ДСТУ 8938:2019 299х60 ст20 7304398390;0
10690;ДСТУ 8938:2019 48.3х 4 ст20 7304398290;0
10691;ДСТУ 8938:2019 108х28 ст35 7304398290;0
10692;ДСТУ 8938:2019 127х14 ст20 7304398290;0
10693;ДСТУ 8938:2019 114х28 ст35 7304398290;0
10694;ДСТУ 8938:2019 219х40 ст20 7304398390;0
10695;ДСТУ 8938:2019 32х 4.5 ст20 7304398290;0
10696;ДСТУ 8938:2019 38х 3 ст20 7304398290;0
10697;ДСТУ 8938:2019 57х 3.5 ст20 7304398290;0
10698;ДСТУ 8938:2019 73х 4 ст20 7304398290;0
10699;ДСТУ 8938:2019 102х 8 ст20 7304398290;0
10700;ДСТУ 8938:2019 102х 4 ст20 7304398290;0
10701;ДСТУ 8938:2019 76х10 ст35 7304398290;0
10702;ДСТУ 8938:2019 76х12 ст35 7304398290;0
10704;ДСТУ 8938:2019 102х 5 ст20 7304398290;0
10705;ДСТУ 8938:2019 102х 6 ст20 7304398290;0
10706;ДСТУ 8938:2019 102х18 ст35 7304398290;0
10707;ДСТУ 8938:2019 102х20 ст20 7304398290;0
10708;ДСТУ 8938:2019 102х24 ст35 7304398290;0
10709;ДСТУ 8938:2019 108х10 ст20 7304398290;0
10710;ДСТУ 8938:2019 108х20 ст20 7304398290;0
10711;ДСТУ 8938:2019 108х25 ст20 7304398290;0
10713;ДСТУ 8938:2019 114х16 ст20 7304398290;0
10714;ДСТУ 8938:2019 114х16 ст35 7304398290;0
10715;ДСТУ 8938:2019 114х20 ст20 7304398290;0
10716;ДСТУ 8938:2019 121х25 ст20 7304398290;0
10718;ДСТУ 8938:2019 127х 6 ст20 7304398290;0
10719;ДСТУ 8938:2019 127х12 ст20 7304398290;0
10720;ДСТУ 8938:2019 127х16 ст35 7304398290;0
10723;ДСТУ 8938:2019 133х22 ст20 7304398290;0
10724;ДСТУ 8938:2019 83х 3.5 ст20 7304398290;0
10725;ДСТУ 8938:2019 51х 4 ст20 7304398290;0
10728;ДСТУ 8938:2019 76х 3 ст20 7304398290;0
10729;ДСТУ 8938:2019 73х 5 ст20 7304398290;0
10730;ДСТУ 8938:2019 203х20 ст20 7304398390;0
10731;ДСТУ 8938:2019 203х50 ст20 7304398390;0
10732;ДСТУ 8938:2019 245х18 ст20 7304398390;0
10734;ДСТУ 8938:2019 70х 6 ст20 7304398290;0
10736;ДСТУ 8938:2019 325х30 ст20 7304398390;0
10739;ДСТУ 8938:2019 76х 6 ст20 7304398290;0
10740;ДСТУ 8938:2019 245х10 ст20 7304398390;0
10741;ДСТУ 8938:2019 219х10 ст20 7304398390;0
10742;ДСТУ 8938:2019 38х 4 ст20 7304398290;0
10743;ДСТУ 8938:2019 377х 9 ст20 7304398390;0
10744;ДСТУ 8938:2019 426х16 ст20 7304398890;0
10747;ДСТУ 8938:2019 168х 8 ст09Г2С 7304398290;0
10748;ДСТУ 8938:2019 45х 4 ст20 7304398290;0
10749;ДСТУ 8938:2019 76х10 ст20 7304398290;0
10750;ДСТУ 8938:2019 121х 5 ст20 7304398290;0
10751;ДСТУ 8938:2019 133х14 ст35 7304398290;0
10752;ДСТУ 8938:2019 140х 6 ст20 7304398290;0
10753;ДСТУ 8938:2019 140х14 ст35 7304398290;0
10754;ДСТУ 8938:2019 140х20 ст45 7304398290;0
10755;ДСТУ 8938:2019 89х16 ст20 7304398290;0
10756;Дріт зварювальний полір.ОК AristoRod 12.5 1.6mm (18кг);0
10758;ДСТУ 8938:2019 146х10 ст20 7304398290;0
10759;ДСТУ 8938:2019 146х14 ст20 7304398290;0
10760;ДСТУ 8938:2019 152х12 ст20 7304398290;0
10761;ДСТУ 8938:2019 152х14 ст20 7304398290;0
10762;ДСТУ 8938:2019 152х25 ст20 7304398290;0
10763;ДСТУ 8938:2019 159х 7 ст20 7304398290;0
10764;ДСТУ 8938:2019 159х28 ст35 7304398290;0
10765;ДСТУ 8938:2019 168х10 ст20 7304398290;0
10766;ДСТУ 8938:2019 168х14 ст20 7304398290;0
10767;ДСТУ 8938:2019 203х36 ст20 7304398390;0
10768;ДСТУ 8938:2019 219х 6 ст20 7304398390;0
10769;ДСТУ 8938:2019 219х30 ст45 7304398390;0
10770;ДСТУ 8938:2019 219х36 ст20 7304398390;0
10771;ДСТУ 8938:2019 219х45 ст20 7304398390;0
10772;ДСТУ 8938:2019 245х14 ст20 7304398390;0
10773;ДСТУ 8938:2019 83х10 ст20 7304398290;0
10774;ДСТУ 8938:2019 245х30 ст20 7304398390;0
10776;ДСТУ 8938:2019 245х30 ст45 7304398390;0
10777;ДСТУ 8938:2019 273х50 ст45 7304398390;0
10778;ДСТУ 8938:2019 273х60 ст45 7304398390;0
10779;ДСТУ 8938:2019 325х18 ст20 7304398390;0
10780;ДСТУ 8938:2019 351х10 ст20 7304398390;0
10781;ДСТУ 8938:2019 351х12 ст20 7304398390;0
10782;ДСТУ 8938:2019 351х45 ст45 7304398390;0
10784;ДСТУ 8938:2019 377х60 ст20 7304398390;0
10785;ДСТУ 8938:2019 406х14 ст20 7304398390;0
10786;ДСТУ 8938:2019 426х14 ст20 7304398890;0
10787;ДСТУ 8938:2019 42х 3 ст20 7304398290;0
10788;ДСТУ 8938:2019 42х 3.5 ст20 7304398290;0
10789;ДСТУ 8938:2019 45х 3 ст20 7304398290;0
10790;ДСТУ 8938:2019 48.3х 3.5 ст20 7304398290;0
10791;ДСТУ 8938:2019 73х 6 ст20 7304398290;0
10792;ДСТУ 8938:2019 76х16 ст35 7304398290;0
10793;ДСТУ 8938:2019 83х 4 ст20 7304398290;0
10802;ДСТУ 8938:2019 32х 3.5 ст20 7304398290;0
10803;ДСТУ 8938:2019 114х20 ст35 7304398290;0
10804;ДСТУ 8938:2019 121х25 ст35 7304398290;0
10805;ДСТУ 8938:2019 133х30 ст20 7304398290;0
10806;ДСТУ 8938:2019 180х32 ст20 7304398390;0
10807;ДСТУ 8938:2019 89х10 ст35 7304398290;0
10808;ДСТУ 8938:2019 89х12 ст35 7304398290;0
10831;ДСТУ 8939:2019 89х14 ст20 7304318090;0
10834;ДСТУ 8938:2019 89х 9 ст20 7304398290;0
10835;ДСТУ 8938:2019 168х 8 ст20 7304398290;0
10837;ДСТУ 8938:2019 95х 6 ст20 7304398290;0
10838;Труба проф. 140х60х 5 ст09Г2С 7304900000;0
10840;ДСТУ 8938:2019 159х22 ст20 7304398290;0
10841;ДСТУ 8938:2019 140х 5 ст20 7304398290;0
10842;ДСТУ 8938:2019 95х22 ст45 7304398290;0
10844;ДСТУ 8938:2019 168х32 ст20 7304398290;0
10845;ДСТУ 8938:2019 273х20 ст20 7304398390;0
10847;ДСТУ 8938:2019 140х16 ст20 7304398290;0
10848;ДСТУ 8938:2019 140х28 ст45 7304398290;0
10853;ДСТУ 8938:2019 299х30 ст45 7304398390;0
10855;ДСТУ 8938:2019 325х50 ст20 7304398390;0
10862;ДСТУ 8938:2019 140х18 ст20 7304398290;0
10864;ДСТУ 8938:2019 168х16 ст20 7304398290;0
10865;ДСТУ 8938:2019 203х45 ст20 7304398390;0
10869;ДСТУ 8938:2019 95х20 ст20 7304398290;0
10873;ДСТУ 8938:2019 159х36 ст20 7304398290;0
10875;ДСТУ 8938:2019 245х60 ст20 7304398390;0
10877;ДСТУ 8938:2019 152х25 ст45 7304398290;0
10880;ДСТУ 8938:2019 89х10 ст45 7304398290;0
10881;ДСТУ 8938:2019 133х25 ст20 7304398290;0
10888;Кнопка КЕ011 тип2 чор.;0
10889;Кнопка КЕ011 тип2 черв.;0
10898;ДСТУ 8938:2019 203х40 ст35 7304398390;0
10899;ДСТУ 8938:2019 219х40 ст35 7304398390;0
10926;ДСТУ 8939:2019 530х70 ст20 7304318090;0
10929;Клема маси 600А;0
10930;Скло захисне зов.(комп.-5шт) Visor;0
10934;Труба проф. 100х80х 4 ст20 7304900000;0
10936;Смуга стартова S2 3м білий;0
10937;ДСТУ 8938:2019 219х12 ст20 7304398390;0
10938;ДСТУ 8938:2019 121х30 ст35 7304398290;0
10939;ДСТУ 8938:2019 133х 8 ст20 7304398290;0
10942;Винт кріплення різця;0
10943;Винт стяжний;0
10945;Стартер п/пуск;0
10946;Стартер усп;0
10948;Диск с нап.;0
10952;Защита;0
10954;Нож без напайки;0
10955;Прокладки;0
10958;Колодки сциплен.;0
10968;ДСТУ 8938:2019 127х 8 ст20 7304398290;0
10970;ДСТУ 8938:2019 127х 5 ст20 7304398290;0
10971;ДСТУ 8938:2019 146х11 ст20 7304398290;0
10972;ДСТУ 8938:2019 152х 5 ст20 7304398290;0
10973;"Олива гідравлічна SHELL Telius S2 M68,209л.";0
10975;ДСТУ 8938:2019 219х18 ст20 7304398390;0
10976;ДСТУ 8938:2019 377х10 ст20 7304398390;0
10977;ДСТУ 8938:2019 377х14 ст20 7304398390;0
10978;ДСТУ 8938:2019 299х28 ст35 7304398390;0
10979;ДСТУ 8938:2019 299х25 ст35 7304398390;0
10991;ДСТУ 8938:2019 89х 3.5 ст20 7304398290;0
10994;ДСТУ 8540:2015 Смуга 8х170х6000 S235JR 7208529900;0
11003;ДСТУ 8938:2019 114х 7 ст20 7304398290;0
11004;МАСЛО трансмис.(20л) YUKOIL;0
11005;ДСТУ 8938:2019 95х12 ст20 7304398290;0
11006;ДСТУ 8938:2019 102х10 ст20 7304398290;0
11011;ДСТУ 8938:2019 245х20 ст20 7304398390;0
11045;Дезінфік.комплект;0
11046;ДСТУ 8938:2019 22х5 ст20 7304398290;0
11047;ДСТУ 8939:2019 10х 1.5 ст20 7304318090;0
11048;ДСТУ 8939:2019 12х 1.5 ст20 7304318090;0
11049;ДСТУ 8939:2019 14х 1.5 ст20 7304318090;0
11050;ДСТУ 8939:2019 16х 1.5 ст20 7304318090;0
11051;ДСТУ 8939:2019 18х 1.5 ст20 7304318090;0
11052;ДСТУ 8939:2019 21х 1.5 ст20 7304318090;0
11053;ДСТУ 8939:2019 22х1.5 ст20 7304318090;0
11054;ДСТУ 8939:2019 25х 1.5 ст20 7304318090;0
11056;ДСТУ 8939:2019 28х 1.5 ст20 7304318090;0
11057;ДСТУ 8939:2019 30х 1.5 ст20 7304318090;0
11058;ДСТУ 8939:2019 32х 1.5 ст20 7304318090;0
11059;ДСТУ 8939:2019 34х 1.5 ст20 7304318090;0
11060;ДСТУ 8939:2019 36х 1.5 ст20 7304318090;0
11061;ДСТУ 8939:2019 36х 2 ст20 7304318090;0
11062;ДСТУ 8939:2019 38х 1.5 ст20 7304318090;0
11064;ДСТУ 8939:2019 40х 2 ст20 7304318090;0
11087;"Болт DIN 912 М12х30 12,9 (пач.-100шт.)";0
11088;"Болт ISO 7380 М6х12 10,9 (пач..-100шт.)";0
11092;"СТРОП  канатний СКП 4,0 т (5000мм)";0
11093;ДСТУ 8938:2019 152х18 ст35 7304398290;0
11094;ДСТУ 8938:2019 33.7х 3.5 ст20 7304398290;0
11095;ДСТУ 8938:2019 102х20 ст35 7304398290;0
11096;ДСТУ 8938:2019 108х16 ст35 7304398290;0
11097;ДСТУ 8938:2019 245х 7 ст20 7304398390;0
11098;Труба електрозварна 530х10 стS235JR 7305310090;0
11101;ДСТУ 8938:2019 180х12 ст20 7304398390;0
11102;ДСТУ 8938:2019 89х14 ст35 7304398290;0
11103;ДСТУ 8938:2019 159х 6 ст09Г2С 7304398290;0
11109;Наконечник мідний DT 25;0
11114;ДСТУ 8938:2019 83х 5 ст20 7304398290;0
11115;ДСТУ 8938:2019 325х12 ст20 7304398390;0
11117;ДСТУ 8938:2019 426х12 ст20 7304398890;0
11119;Пружина 1940.8013;0
11122;Вставні пластини Hardox (пач-10шт.);0
11128;Плита 500х500;0
11131;ДСТУ 8938:2019 325х 8 ст20 7304398390;0
11143;Keraflex Extra S1 Grey\25;0
11150;Светильник светодиод.AVOCA LC R6055 105w;0
11152;ДСТУ 8938:2019 33.7х 4.5 ст20 7304398290;0
11154;ДСТУ 8938:2019 180х22 ст20 7304398390;0
11159;Труба проф. 160х90х 6 ст09Г2С 7304900000;0
11160;ДСТУ 8939:2019 30х 3 ст20 7304318090;0
11162;"СТРОП  канатний СКП 2,0 т (2600мм)";0
11163;"СТРОП  канатний СКП 2,5 т (3500мм)";0
11164;"СТРОП  канатний СКП 4,0 т (3500мм)";0
11167;ДСТУ 8938:2019 152х16 ст20 7304398290;0
11171;"ЕТІКА Вимикач 1-клавішний, білий";0
11172;"ЕТІКА Розетка 2*RJ45 к.5е  UTP , білий";0
11173;"ЕТІКА Рамка 1-пост, білий";0
11174;"ЕТІКА Рамка 2-пости, білий";0
11175;"ЕТІКА Рамка 3-пости, білий";0
11176;"ЕТІКА Рамка 4-пости, білий";0
11177;Профіль КНАУФ U/27/28/27/06/3000;0
11178;"Плита OSB-3 Kроноspan 10 мм х 1,25 х 2,50 м";0
11179;"(558.30) KN TR 041/18: Скловата ЕКОРОДА (TR044) 1220*8200 мм, 20 кв.м (40)";0
11180;"Гіпсокартонна плита Вологостійка Н2/1200/2500/12,5/НСК";0
11181;"Клей для шпалер PUFAS Glass скло-, важких та шпалер під покраску 500г";0
11182;Шпаклівка гіпсова Stabill Pg-41 Eko 20кг;0
11183;Штукатурка гіпсова IzoPover 25кг;0
11184;Грунтовка СТ17 10л;0
11187;Труба проф. 260х180х8 ст20 7304900000;0
11199;ДСТУ 8938:2019 121х14 ст20 7304398290;0
11203;ДСТУ 8938:2019 140х12 ст20 7304398290;0
11207;ДСТУ 8938:2019 70х 5 ст20 7304398290;0
11208;"Ремінь зубчатий 624 8М 30 В=30мм,L=624мм,.Z=78шт.";0
11215;ДСТУ 8938:2019 219х30 ст20 7304398390;0
11216;ДСТУ 8938:2019 194х12 ст20 7304398390;0
11218;ДСТУ 8938:2019 83х 6 ст20 7304398290;0
11238;ДСТУ 8938:2019 14х 2 ст20 7304398290;0
11239;ДСТУ 8938:2019 16х 3 ст20 7304398290;0
11242;ДСТУ 8938:2019 28х 2 ст20 7304398290;0
11243;ДСТУ 8938:2019 30х 8 ст20 7304398290;0
11256;ДСТУ 8938:2019 180х25 ст20 7304398390;0
11260;ДСТУ 8938:2019 51х 6 ст20 7304398290;0
11262;ДСТУ 8938:2019 146х 6 ст20 7304398290;0
11263;ДСТУ 8938:2019 25х 5 ст20 7304398290;0
11266;Напівкомбінезон утеплений SPECIAL;0
11273;Куртка утеплена SPECIAL;0
11274;Пластина опорна;0
11275;Пластина упорна;0
11280;ДСТУ 8938:2019 140х 8 ст20 7304398290;0
11281;ДСТУ 8938:2019 140х14 ст20 7304398290;0
11282;ДСТУ 8938:2019 38х 5 ст20 7304398290;0
11284;ДСТУ 8938:2019 50х 3.5 ст20 7304398290;0
11285;ДСТУ 8938:2019 50х 4 ст20 7304398290;0
11288;Втулка УПС 05.02.103А;0
11289;Втулка УПС 05.02.103Б;0
11292;ДСТУ 8938:2019 159х16 ст35 7304398290;0
11293;ДСТУ 8938:2019 159х40 ст35 7304398290;0
11301;ДСТУ 8938:2019 76х 6 ст09Г2С 7304398290;0
11302;Гратка вентиляцыйнаVents МВ 102ВК;0
11303;Канал Vents 1005 d100|0.5-500;0
11304;Вентилятор Vents100 BKOL;0
11305;Тримач Vents56 55 х100;0
11306;Канал Vents 5010 55х110/1000;0
11307;Коліно вертик. Vents 5252 110х55;0
11308;З'єднувач Vents 511 110х55/100;0
11309;Дверцята ревізійні пластик. Vents д.150х300;0
11310;Гратка DOMOVENT ДВ 440/2 480х120;0
11311;Светильник LED Spiral RT-R 48W 4000K;0
11312;Спот СВЕТКОМПЛЕКТ SP TUB;0
11313;Лампа LED Cветкомплект Е 8W 4500К;0
11314;ДСТУ 8540:2015 Смуга 10х185х6000 S235JR 7208529900;0
11315;ДСТУ 8938:2019 325х20 ст20 7304398390;0
11316;ДСТУ 8938:2019 377х16 ст20 7304398390;0
11317;Накінечник контактний d.1.6/ M 8x1.5/ 10x32 (10шт.);0
11318;Светильник LED VIO CONCEPT ThinK-50R 50w 4500K чорний;0
11319;"Гіпсокартона плита вологостійкаН2\1200\2500\12,5\НСК";0
11324;ДСТУ 8938:2019 194х 8 ст09Г2С 7304398390;0
11326;ДСТУ 8938:2019 159х32 ст35 7304398290;0
11327;ДСТУ 8938:2019 194х 6 ст20 7304398390;0
11328;Автоматичний вимикач Legrand C25 1P 6 kA (404030);0
11329;Автоматичний вимикач Legrand C16 1P 4.5 kA (419664);0
11330;Автоматичний вимикач Legrand C10 1P 4.5 kA (419664);0
11331;Диференціальний автомат Legrand RX3 1П+Н С 40А 30mA (gp419403);0
11334;Прапор 1450х1000;0
11337;ДСТУ 8938:2019 73х10 ст20 7304398290;0
11342;ДСТУ 8938:2019 325х40 ст20 7304398390;0
11344;ДСТУ 8938:2019 152х30 ст20 7304398290;0
11346;ДСТУ 8938:2019 325х45 ст45 7304398390;0
11349;ДСТУ 8938:2019 299х25 ст20 7304398390;0
11350;Труба проф. 140х140х 5 ст20 7304900000;0
11353;ДСТУ 8938:2019 273х36 ст20 7304398390;0
11355;ДСТУ 8938:2019 299х50 ст45 7304398390;0
11356;ДСТУ 8938:2019 203х50 ст45 7304398390;0
11358;"Кабель-пакет до плазмотронів 10м М16х1,5мм";0
11359;Колесо подачі поліуретанове;0
11360;Корпус 1940.2007;0
11361;Вал  1940.6003;0
11362;Корпус підшипника 1940.6004;0
11365;Пластина 1940.6025;0
11366;Ролик 1940.2006;0
11377;Ролик гвинтовий;0
11378;Реле РЄО-401 6А;0
11382;ДСТУ 8938:2019 89х16 ст45 7304398290;0
11386;ДСТУ 8938:2019 28х 4 ст20 7304398290;0
11387;ДСТУ 8938:2019 28х 5 ст20 7304398290;0
11392;ДСТУ 8938:2019 114х 5 ст20 7304398290;0
11393;ДСТУ 8938:2019 114х 6 ст20 7304398290;0
11394;ДСТУ 8938:2019 133х16 ст35 7304398290;0
11395;ДСТУ 8938:2019 133х18 ст35 7304398290;0
11396;ДСТУ 8938:2019 38х 3.5 ст20 7304398290;0
11397;ДСТУ 8938:2019 180х 8 ст09Г2С 7304398390;0
11400;Прожектор RH SOFT  150W 6500K 220V IP65;0
11406;Лампа с/д LВ-700 А60 230V 10W Е27 6400К;0
11410;ДСТУ 8938:2019 73х 4 ст09Г2С 7304398290;0
11413;ДСТУ 8938:2019 63.5х 5 ст20 7304398290;0
11416;ДСТУ 8938:2019 60х 6 ст20 7304398290;0
11417;ДСТУ 8938:2019 219х16 ст20 7304398390;0
11422;"Кабель КГНВ 2х1,5";0
11423;Ультраколор Плюс 144\2(шоколад);0
11424;"Мапесил АС 144/0,31 клей-герметик(шоколад)";0
11425;Цилиндр Mul-t-lock Integrator80(40Х40)5KEY ключ-ключ NSTникель-сатин;0
11426;Цилиндр Mul-t-lock Integrator66(33х33)5KEY ключ-ключ NSTникель-сатин;0
11427;"Плівка самокл.0,67х2м(вітражна статична)S016";0
11428;"Саморіз для гіпсокартону по дереву,фосфатований3,5х35(уп.-1000шт)";0
11429;Клей монтажний Сlassic Fix 310мл безколірний;0
11430;Герметик Soudal E[press акриловий білий 280мл;0
11431;Клей гіпсовий для гіпсокартону (ГКЛ) Perlfix knauf MD 25 кг;0
11432;Лак акриловий AURA Agua Lack20 2.5 k;0
11433;"Засіб деревозахисний AURA lasur Agua(палісандр) 0,75л";0
11434;"Антикорозійна акрилова емаль AuraLuxpro RemixAnticor (біла)0,75л";0
11435;"Антикорозійна акрилова емаль AuraLuxpro RemixAnticor (КФД9011 чорна)0,75л";0
11436;"Емаль універсальна акрилова 9010 біла матова,ТМ BIODUR в аеро упаковці. 400мл";0
11437;"Зас.д/скла та дзеркал Glutocltan 500 мл, курок";0
11438;Ганчіркад/підлоги ФБ Степ50Х70см1шт;0
11439;Серветка Vortex д\скла та дзеркал мікрофібра;0
11440;Серветка д/прибир.ГривняПетрівна віскозні;0
11441;Серветка вологопогл. ФБ Ефект 3 шт;0
11442;Набір фібрових шкребків Гр.Петрівна. 5шт;0
11443;Губки кух.Помічниця Сирок 5 шт;0
11444;Рушник целюл.Диво Бізнес Орtimal V-cклад 2шар200шт;0
11447;Куртка утепл. NORDIC;0
11451;Накінечник контактний d.1.2/М8x1.5/ 10x32 (10шт.);0
11452;"Ролик 1,4-1,6 мм";0
11453;Труба проф. 160х160х12 ст09Г2С 7304900000;0
11461;ДСТУ 8938:2019 140х22 ст20 7304398290;0
11463;ДСТУ 8938:2019 273х12 ст20 7304398390;0
11464;ДСТУ 8938:2019 168х18 ст20 7304398290;0
11465;ДСТУ 8938:2019 152х32 ст20 7304398290;0
11471;ДСТУ 8938:2019 18х 5 ст20 7304398290;0
11479;ДСТУ 8938:2019 159х12 ст20 7304398290;0
11491;1ДСТУ 8938:2019 273х25 ст20 7304399390;1
11492;1ДСТУ 8938:2019 108х16 ст45 7304398290;1
11493;1ДСТУ 8938:2019 127х18 ст35 7304398290;1
11519;Рідина охолоджувальна (5л);0
11520;"Дюза дм 1,6";0
11527;ДСТУ 8938:2019 102х22 ст20 7304398290;0
11528;ДСТУ 8938:2019 108х 5 ст20 7304398290;0
11536;ДСТУ 8938:2019 152х25 ст45 7304398290;0
11537;ДСТУ 8938:2019 152х30 ст45 7304398290;0
11539;ДСТУ 8938:2019 159х 5 ст20 7304398290;0
11541;ДСТУ 8938:2019 159х10 ст20 7304398290;0
11544;ДСТУ 8938:2019 159х25 ст20 7304398290;0
11545;ДСТУ 8938:2019 168х 8 ст20 7304398290;0
11547;ДСТУ 8938:2019 180х36 ст20 7304398390;0
11548;ДСТУ 8938:2019 203х50 ст45 7304398390;0
11549;ДСТУ 8938:2019 203х60 ст20 7304398390;0
11552;ДСТУ 8938:2019 232х30 ст20 7304398390;0
11553;ДСТУ 8938:2019 232х40 ст20 7304398390;0
11554;ДСТУ 8938:2019 245х18 ст20 7304398390;0
11557;ДСТУ 8938:2019 273х42 ст20 7304398390;0
11558;ДСТУ 8938:2019 273х45 ст20 7304398390;0
11561;ДСТУ 8938:2019 299х45 ст45 7304398390;0
11567;ДСТУ 8938:2019 325х45 ст45 7304398390;0
11569;ДСТУ 8938:2019 351х40 ст20 7304398390;0
11571;ДСТУ 8938:2019 377х16 ст20 7304398390;0
11572;ДСТУ 8938:2019 406х60 ст20 7304398390;0
11575;ДСТУ 8938:2019 42х 3 ст20 7304398290;0
11576;ДСТУ 8938:2019 457х60 ст20 7304398890;0
11578;ДСТУ 8938:2019 508х12 ст20 7304398890;0
11582;ДСТУ 8938:2019 530х 8 ст20 7304398890;0
11583;ДСТУ 8938:2019 530х10 ст20 7304398890;0
11591;ДСТУ 8938:2019 630х20 ст20 7304398890;0
11592;ДСТУ 8938:2019 70х18 ст20 7304398290;0
11600;ДСТУ 8938:2019 83х22 ст20 7304398290;0
11603;ДСТУ 8938:2019 89х16 ст45 7304398290;0
11605;ДСТУ 8939:2019 159х 7 ст20 7304318090;0
11606;ДСТУ 8939:2019 159х 8 ст20 7304318090;0
11607;ДСТУ 8939:2019 168х10 ст20 7304318090;0
11608;ДСТУ 8939:2019 76х 6 ст20 7304318090;0
11611;ГОСТ 8732 168х 6 ст20 7304399290;0
11613;ГОСТ 8732 18х 2 ст20 7304191090;0
11614;ГОСТ 8732 18х 3 ст20 7304191090;0
11616;ГОСТ 8732 20х 4 ст20 7304191090;0
11618;ГОСТ 8732 22х2 ст20 7304191090;0
11620;ГОСТ 8732 22х4 ст20 7304191090;0
11621;ГОСТ 8732 25х2.5 ст20 7304191090;0
11622;ГОСТ 8732 25х3 ст20 7304191090;0
11624;ГОСТ 8732 25х 5 ст20 7304191090;0
11626;ГОСТ 8732 27х 2.8 ст20 7304191090;0
11627;ГОСТ 8732 27х 3.2 ст20 7304191090;0
11628;ГОСТ 8732 27х 4 ст20 7304191090;0
11629;ГОСТ 8732 27х 4 ст20 7304398290;0
11631;ГОСТ 8732 28х 4 ст20 7304191090;0
11632;ГОСТ 8732 28х 4 ст20 7304398290;0
11633;ГОСТ 8732 28х 6 ст20 7304398290;0
11634;ГОСТ 8732 28х 6 ст20 7304191090;0
11636;ГОСТ 8732 30х 4 ст20 7304191090;0
11637;ГОСТ 8732 30х 5 ст20 7304191090;0
11638;ГОСТ 8732 30х 6 ст20 7304191090;0
11640;ГОСТ 8732 30х 8 ст20 7304191090;0
11641;ГОСТ 8732 32х 3 ст20 7304191090;0
11642;ГОСТ 8732 32х 4 ст20 7304191090;0
11643;ГОСТ 8732 32х 5 ст20 7304191090;0
11645;ГОСТ 8732 34х 4 ст20 7304191090;0
11646;ГОСТ 8732 34х 5 ст20 7304191090;0
11647;ГОСТ 8732 34х 6 ст20 7304191090;0
11648;ГОСТ 8732 34х 8 ст20 7304191090;0
11649;ГОСТ 8732 35х 5 ст20 7304191090;0
11651;ГОСТ 8732 38х 3 ст20 7304191090;0
11652;ГОСТ 8732 38х 4 ст20 7304191090;0
11653;ГОСТ 8732 38х 4 ст20 7304199090;0
11654;ГОСТ 8732 38х 5 ст20 7304191090;0
11655;ГОСТ 8732 38х 6 ст20 7304191090;0
11656;ГОСТ 8732 38х10 ст20 7304398290;0
11657;ГОСТ 8732 42х 5 ст20 7304191090;0
11658;ГОСТ 8732 45х 4 ст20 7304191090;0
11659;ГОСТ 8732 45х 5 ст20 7304191090;0
11660;ГОСТ 8732 45х 6 ст20 7304191090;0
11662;ГОСТ 8732 48х10 ст20 7304191090;0
11663;ГОСТ 8732 50х 6 ст20 7304191090;0
11664;ГОСТ 8732 50х12 ст20 7304191090;0
11665;ГОСТ 8732 51х 5 ст20 7304191090;0
11666;ГОСТ 8732 51х 6 ст20 7304191090;0
11668;ГОСТ 8732 60х 6 ст20 7304191090;0
11669;ГОСТ 8732 63.5х 5 ст20 7304191090;0
11670;ГОСТ 8732 63.5х 6 ст20 7304191090;0
11671;ГОСТ 8732 70х 6 ст20 7304191090;0
11673;ГОСТ 8734 10х 3 ст20 7304318090;0
11677;ГОСТ 8734 16х 4 ст20 7304318090;0
11678;ГОСТ 8734 16х 5 ст20 7304318090;0
11679;ГОСТ 8734 17х 3 ст20 7304318090;0
11680;ГОСТ 8734 18х 2 ст20 7304318090;0
11684;ГОСТ 8734 20х 4 ст20 7304318090;0
11689;ГОСТ 8734 21х 2.5 ст20 7304318090;0
11690;ГОСТ 8734 21х 4 ст20 7304318090;0
11693;ГОСТ 8734 22х3 ст20 7304318090;0
11694;ГОСТ 8734 22х4 ст20 7304318090;0
11695;ГОСТ 8734 22х5 ст20 7304318090;0
11697;ГОСТ 8734 23х3 ст20 7304318090;0
11701;ГОСТ 8734 25х2.5 ст20 7304318090;0
11702;ГОСТ 8734 25х3 ст20 7304318090;0
11704;ГОСТ 8734 25х4 ст20 7304318090;0
11709;ГОСТ 8734 25х6 ст20 7304318090;0
11712;ГОСТ 8734 27х 3.2 ст20 7304318090;0
11713;ГОСТ 8734 27х 3.5 ст20 7304318090;0
11714;ГОСТ 8734 27х 4 ст20 7304318090;0
11715;ГОСТ 8734 28х 3 ст20 7304318090;0
11717;ГОСТ 8734 28х 4 ст45 7304318090;0
11720;ГОСТ 8734 30х 5 ст20 7304318090;0
11722;ГОСТ 8734 30х 8 ст20 7304318090;0
11723;ГОСТ 8734 32х 3 ст20 7304318090;0
11724;ГОСТ 8734 32х 4 ст20 7304318090;0
11725;ГОСТ 8734 32х 4 ст45 7304318090;0
11726;ГОСТ 8734 32х 5 ст20 7304318090;0
11727;ГОСТ 8734 32х 6 ст20 7304318090;0
11729;ГОСТ 8734 32х 8 ст45 7304318090;0
11730;ГОСТ 8734 32х10 ст20 7304318090;0
11731;ГОСТ 8734 34х 3 ст20 7304318090;0
11732;ГОСТ 8734 34х 4 ст20 7304318090;0
11734;ГОСТ 8734 34х 8 ст20 7304318090;0
11735;ГОСТ 8734 35х 5 ст10 7304318090;0
11736;ГОСТ 8734 35х 5 ст20 7304318090;0
11737;ГОСТ 8734 35х 6 ст20 7304318090;0
11739;ГОСТ 8734 36х 4 ст10 7304318090;0
11740;ГОСТ 8734 36х 4 ст20 7304318090;0
11743;ГОСТ 8734 38х 2 ст20 7304318090;0
11744;ГОСТ 8734 38х 3 ст20 7304318090;0
11745;ГОСТ 8734 38х 3.5 ст20 7304318090;0
11746;ГОСТ 8734 38х 4 ст20 7304318090;0
11747;ГОСТ 8734 38х 5 ст20 7304318090;0
11748;ГОСТ 8734 38х 6 ст20 7304318090;0
11749;ГОСТ 8734 38х 8 ст20 7304318090;0
11750;ГОСТ 8734 38х10 ст20 7304318090;0
11751;ГОСТ 8734 38х12 ст20 7304318090;0
11752;ГОСТ 8734 40х 3 ст20 7304318090;0
11753;ГОСТ 8734 40х 4 ст20 7304318090;0
11754;ГОСТ 8734 40х 5 ст20 7304318090;0
11755;ГОСТ 8734 40х 6 ст20 7304318090;0
11756;ГОСТ 8734 40х 8 ст20 7304318090;0
11758;ГОСТ 8734 40х12 ст20 7304318090;0
11759;ГОСТ 8734 42х 5 ст20 7304318090;0
11760;ГОСТ 8734 42х 6 ст20 7304318090;0
11765;ГОСТ 8734 45х 6 ст20 7304318090;0
11768;ГОСТ 8734 48х 4 ст20 7304318090;0
11770;ГОСТ 8734 48х10 ст20 7304318090;0
11773;ГОСТ 8734 50х 8 ст20 7304318090;0
11774;ГОСТ 8734 50х12 ст20 7304318090;0
11777;ГОСТ 8734 57х 4 ст20 7304318090;0
11779;ГОСТ 8734 68х 4 ст20 7304318090;0
11783;ДСТУ 8939:2019 10х 2 ст20 7304318090;0
11784;ДСТУ 8939:2019 12х 2 ст20 7304318090;0
11785;ДСТУ 8939:2019 12х 3 ст20 7304318090;0
11786;ДСТУ 8939:2019 14х 3 ст20 7304318090;0
11787;ДСТУ 8939:2019 16х 2 ст20 7304318090;0
11788;ДСТУ 8939:2019 18х 2 ст20 7304318090;0
11789;ДСТУ 8939:2019 18х 3 ст20 7304318090;0
11790;ДСТУ 8939:2019 18х 4 ст20 7304318090;0
11791;ДСТУ 8939:2019 18х 5 ст20 7304318090;0
11792;ДСТУ 8939:2019 20х 2 ст20 7304318090;0
11794;ДСТУ 8939:2019 20х 4 ст20 7304318090;0
11795;ДСТУ 8939:2019 20х 6 ст20 7304318090;0
11796;ДСТУ 8939:2019 21х 3 ст20 7304318090;0
11797;ДСТУ 8939:2019 21х 5 ст20 7304318090;0
11800;ДСТУ 8939:2019 27х 4 ст20 7304318090;0
11802;ДСТУ 8939:2019 27х 6 ст20 7304318090;0
11804;ДСТУ 8939:2019 28х 6 ст20 7304318090;0
11805;ДСТУ 8939:2019 30х 2 ст20 7304318090;0
11807;ДСТУ 8939:2019 32х 2 ст20 7304318090;0
11808;ДСТУ 8939:2019 32х 3 ст20 7304318090;0
11809;ДСТУ 8939:2019 32х 3.5 ст20 7304318090;0
11810;ДСТУ 8939:2019 32х 5 ст20 7304318090;0
11811;ДСТУ 8939:2019 32х 6 ст20 7304318090;0
11812;ДСТУ 8939:2019 36х 3 ст20 7304318090;0
11813;ДСТУ 8939:2019 38х 3 ст20 7304318090;0
11814;ДСТУ 8939:2019 38х 4 ст20 7304318090;0
11815;ДСТУ 8939:2019 38х 6 ст20 7304318090;0
11816;ДСТУ 8939:2019 40х 3 ст20 7304318090;0
11817;ДСТУ 8939:2019 40х 4 ст20 7304318090;0
11819;ДСТУ 8939:2019 42х 4 ст20 7304318090;0
11820;ДСТУ 8939:2019 42х 5 ст20 7304318090;0
11822;ДСТУ 8939:2019 48х 3 ст20 7304318090;0
11823;ДСТУ 8939:2019 48х 4 ст20 7304318090;0
11824;ГОСТ 8732 34х 5 ст20 7304399290;0
11828;ГОСТ 8732 630х40 ст20 7304399890;0
11831;ГОСТ 8732 630х50 ст20 7304399890;0
11834;ГОСТ 8734 102х16 ст20 7304318090;0
11836;ГОСТ 8734 108х16 ст20 7304318090;0
11837;ГОСТ 8734 108х18 ст20 7304318090;0
11838;ГОСТ 8734 108х22 ст20 7304318090;0
11841;ГОСТ 8734 160х18 ст20 7304318090;0
11844;ГОСТ 8734 220х16 ст20 7304318090;0
11845;ГОСТ 8734 220х20 ст20 7304318090;0
11846;ГОСТ 8734 220х25 ст20 7304318090;0
11847;ГОСТ 8734 34х 6 ст20 7304318090;0
11851;ГОСТ 8734 57х10 ст20 7304318090;0
11853;ГОСТ 8734 60х10 ст20 7304318090;0
11855;ГОСТ 8734 60х14 ст20 7304318090;0
11856;ГОСТ 8734 63х 8 ст20 7304318090;0
11857;ГОСТ 8734 63х14 ст20 7304318090;0
11858;ГОСТ 8734 65х 6 ст20 7304318090;0
11859;ГОСТ 8734 68х 8 ст20 7304318090;0
11860;ГОСТ 8734 68х10 ст20 7304318090;0
11861;ГОСТ 8734 68х12 ст20 7304318090;0
11862;ГОСТ 8734 68х14 ст20 7304318090;0
11864;ГОСТ 8734 70х10 ст20 7304318090;0
11865;ГОСТ 8734 70х11 ст20 7304318090;0
11866;ГОСТ 8734 70х12 ст20 7304318090;0
11867;ГОСТ 8734 70х14 ст20 7304318090;0
11869;ГОСТ 8734 76х 8 ст20 7304318090;0
11870;ГОСТ 8734 76х10 ст20 7304318090;0
11871;ГОСТ 8734 76х14 ст20 7304318090;0
11872;ГОСТ 8734 76х16 ст20 7304318090;0
11873;ГОСТ 8734 80х 8 ст20 7304318090;0
11874;ГОСТ 8734 80х12 ст20 7304318090;0
11876;ГОСТ 8734 89х10 ст20 7304318090;0
11877;ГОСТ 8734 89х16 ст20 7304318090;0
11878;ГОСТ 8734 89х20 ст20 7304318090;0
11880;ГОСТ 8734 95х10 ст20 7304318090;0
11883;ДСТУ 8939:2019 102х14 ст20 7304318090;0
11884;ДСТУ 8939:2019 102х16 ст20 7304318090;0
11885;ДСТУ 8939:2019 108х 6 ст20 7304318090;0
11886;ДСТУ 8939:2019 108х16 ст20 7304318090;0
11887;ДСТУ 8939:2019 108х18 ст20 7304318090;0
11888;ДСТУ 8939:2019 114х20 ст20 7304318090;0
11889;ДСТУ 8939:2019 114х25 ст20 7304318090;0
11890;ДСТУ 8939:2019 121х30 ст20 7304318090;0
11891;ДСТУ 8939:2019 127х18 ст20 7304318090;0
11894;ДСТУ 8939:2019 194х20 ст20 7304318090;0
11896;ДСТУ 8939:2019 194х30 ст45 7304318090;0
11897;ДСТУ 8939:2019 245х25 ст20 7304318090;0
11898;ДСТУ 8939:2019 32х 4 ст20 7304318090;0
11899;ДСТУ 8939:2019 48х 8 ст20 7304318090;0
11900;ДСТУ 8939:2019 57х 4 ст20 7304318090;0
11901;ДСТУ 8939:2019 70х11 ст20 7304318090;0
11902;ДСТУ 8939:2019 76х 4 ст20 7304318090;0
11903;ДСТУ 8939:2019 76х14 ст20 7304318090;0
11905;ДСТУ 8939:2019 89х 8 ст20 7304318090;0
11919;ГОСТ 8732 108х28 ст20 7304399290;0
11925;ГОСТ 8732 114х25 ст45 7304191090;0
11929;ГОСТ 8732 121х 6 ст20 7304191090;0
11932;ГОСТ 8732 121х19 ст35 7304399290;0
11944;ГОСТ 8732 127х25 ст20 7304399290;0
11950;ГОСТ 8732 133х14 ст20 7304398290;0
11963;ГОСТ 8732 140х24 ст20 7304399290;0
11976;ГОСТ 8732 146х30 ст20 7304399290;0
11977;ГОСТ 8732 146х36 ст35 7304399290;0
11978;ГОСТ 8732 152х 8 ст20 7304191090;0
11979;ГОСТ 8732 152х 8 ст20 7304399290;0
11982;ГОСТ 8732 152х30 ст20 7304399290;0
11985;ГОСТ 8732 159х 6 ст20 7304398290;0
11986;ГОСТ 8732 159х 6 ст20 7304191090;0
11987;ГОСТ 8732 159х 8 ст20 7304398290;0
11990;ГОСТ 8732 159х14 ст35 7304399290;0
11995;ГОСТ 8732 159х20 ст45 7304191090;0
11998;ГОСТ 8732 168х 8 ст20 7304191090;0
12019;ГОСТ 8732 190х10 ст20 7304399390;0
12020;ГОСТ 8732 190х14 ст20 7304399390;0
12021;ГОСТ 8732 194х10 ст35 7304399390;0
12023;ГОСТ 8732 194х18 ст20 7304193090;0
12030;ГОСТ 8732 194х40 ст45 7304193090;0
12033;ГОСТ 8732 203х40 ст45 7304399390;0
12034;ГОСТ 8732 203х50 ст45 7304398390;0
12036;ГОСТ 8732 219х 6 ст20 7304193090;0
12037;ГОСТ 8732 219х 7 ст20ГУ 7304193090;0
12038;ГОСТ 8732 219х 8 ст20 7304193090;0
12039;ГОСТ 8732 219х 8 ст20 7304398390;0
12040;ГОСТ 8732 219х 8 ст20ГУ 7304193090;0
12041;ГОСТ 8732 219х10 ст20 7304398390;0
12046;ГОСТ 8732 219х22 ст35 7304399390;0
12047;ГОСТ 8732 219х30 ст20 7304193090;0
12048;ГОСТ 8732 219х45 ст45 7304399390;0
12049;ГОСТ 8732 219х60 ст45 7304193090;0
12050;ГОСТ 8732 219х60 ст45 7304399390;0
12051;ГОСТ 8732 226х35 чугун 7304399390;0
12053;ГОСТ 8732 245х 8 ст20 7304193090;0
12055;ГОСТ 8732 245х10 ст20 7304398390;0
12056;ГОСТ 8732 245х12 ст09Г2С 7304193090;0
12057;ГОСТ 8732 245х12 ст20 7304193090;0
12061;ГОСТ 8732 245х50 ст45 7304399390;0
12062;ГОСТ 8732 273х 8 ст20 7304193090;0
12063;ГОСТ 8732 273х10 ст20 7304193090;0
12065;ГОСТ 8732 273х10 стS355J2H 7304193090;0
12066;ГОСТ 8732 273х14 ст20 7304193090;0
12068;ГОСТ 8732 273х18 ст20 7304193090;0
12072;ГОСТ 8732 299х12 ст20 7304193090;0
12073;ГОСТ 8732 299х14 ст20 7304193090;0
12074;ГОСТ 8732 299х16 ст20 7304193090;0
12078;ГОСТ 8732 325х 8 ст20 7304193090;0
12079;ГОСТ 8732 325х10 ст20 7304193090;0
12082;ГОСТ 8732 325х40 ст20 7304193090;0
12083;ГОСТ 8732 325х50 ст45 7304193090;0
12086;ГОСТ 8732 351х25 ст45 7304193090;0
12088;ГОСТ 8732 351х50 ст20 7304398390;0
12093;ГОСТ 8732 377х14 ст20 7304193090;0
12094;ГОСТ 8732 377х16 ст20 7304193090;0
12100;ГОСТ 8732 406х14 ст20 7304193090;0
12102;ГОСТ 8732 406х30 ст20 7304398390;0
12103;ГОСТ 8732 406х40 ст20 7304193090;0
12104;ГОСТ 8732 40х 3 ст20 7304191090;0
12106;ГОСТ 8732 40х 5 ст20 7304399290;0
12109;ГОСТ 8732 426х 9 ст20 7304199090;0
12119;ГОСТ 8732 426х45 ст20 7304199090;0
12120;ГОСТ 8732 426х45 ст20 7304399890;0
12122;ГОСТ 8732 42х 4.5 ст20 7304399290;0
12126;ГОСТ 8732 457х12 ст20 7304399890;0
12135;ГОСТ 8732 480х20 ст20 7304199090;0
12136;ГОСТ 8732 480х40 ст20 7304399890;0
12137;ГОСТ 8732 480х40 ст20 7304199090;0
12138;ГОСТ 8732 508х20 ст20 7304399890;0
12140;ГОСТ 8732 508х32 ст20 7304399890;0
12141;ГОСТ 8732 50х 8 ст20 7304191090;0
12150;ГОСТ 8732 530х60 ст20 7304199090;0
12153;ГОСТ 8732 57х12 ст20 7304399290;0
12154;ГОСТ 8732 57х12 ст20 7304191090;0
12157;ГОСТ 8732 60х 8 ст20 7304191090;0
12165;ГОСТ 8732 630х 8 ст20 7304399890;0
12168;ГОСТ 8732 630х12 ст20 7304399890;0
12169;ГОСТ 8732 630х14 ст20 7304399890;0
12172;ГОСТ 8732 630х22 ст20 7304199090;0
12175;ГОСТ 8732 630х50 ст20 7304199090;0
12178;ГОСТ 8732 68х12 ст20 7304399290;0
12182;ГОСТ 8732 720х20 ст20 7304199090;0
12183;ГОСТ 8732 73х 8 ст20 7304399290;0
12186;ГОСТ 8732 73х16 ст20 7304399290;0
12204;ГОСТ 8732 89х18 ст35 7304399290;0
12205;ГОСТ 8732 89х22 ст45 7304191090;0
12206;ГОСТ 8732 89х22 ст45 7304399290;0
12208;ГОСТ 8732 95х 8 ст20 7304399290;0
12212;ГОСТ 8732 95х16 ст35 7304399290;0
12214;ГОСТ 8732 95х18 ст35 7304399290;0
12219;ГОСТ 8734 40х 5 ст45 7304318090;0
12220;ГОСТ 8734 40х 8 ст45 7304318090;0
12222;ГОСТ 8734 42х 4 ст20ПВ 7304318090;0
12223;ГОСТ 8734 42х 8 ст45 7304318090;0
12232;ГОСТ 8734 50х14 ст20 7304318090;0
12234;ГОСТ 8734 54х 6 ст20 7304318090;0
12235;ГОСТ 8734 54х 8 ст20 7304318090;0
12237;ГОСТ 8734 57х 6 ст20 7304318090;0
12238;ГОСТ 8734 57х 8 ст20 7304318090;0
12240;ГОСТ 8734 57х12 ст20 7304318090;0
12247;ГОСТ 8734 63х 4 ст20 7304318090;0
12248;ГОСТ 8734 63х 5 ст20 7304318090;0
12250;ГОСТ 8734 63х 9 ст20 7304318090;0
12251;ГОСТ 8734 63х10 ст20 7304318090;0
12253;ГОСТ 8734 65х 8 ст20 7304318090;0
12255;ГОСТ 8734 65х12 ст20 7304318090;0
12257;ГОСТ 8734 68х 5 ст20 7304318090;0
12259;ГОСТ 8734 68х 9 ст20 7304318090;0
12264;ГОСТ 8734 80х10 ст20 7304318090;0
12271;ГОСТ 8734 89х18 ст20 7304318090;0
12276;ДСТУ 8540:2015 10х128х6000 S235JR 7208529900;0
12277;ДСТУ 8540:2015 10х170х6000 S235JR 7208529900;0
12278;ДСТУ 8540:2015 10х310х6000 S235JR 7208529900;0
12279;ДСТУ 8540:2015 10х320х4700 S235JR 7208529900;0
12280;ДСТУ 8540:2015 10х320х5000 S235JR 7208529900;0
12281;ДСТУ 8540:2015 10х320х6000 S235JR 7208529900;0
12282;ДСТУ 8540:2015 10х340х6000 S235JR 7208529900;0
12283;ДСТУ 8540:2015 10х370х6000 S235JR 7208529900;0
12284;ДСТУ 8540:2015 10х380х4500 S235JR 7208529900;0
12285;ДСТУ 8540:2015 8х120х6000 S235JR 7208529900;0
12290;ДСТУ 8938:2019 121х25 ст20 7304398290;0
12292;ДСТУ 8938:2019 133х 5 ст20 7304398290;0
12295;ДСТУ 8938:2019 133х25 ст20 7304398290;0
12298;ДСТУ 8938:2019 140х16 ст20 7304398290;0
12299;ДСТУ 8938:2019 140х28 ст45 7304398290;0
12301;ДСТУ 8938:2019 146х20 ст45 7304398290;0
12302;ДСТУ 8938:2019 146х28 ст45 7304398290;0
12303;ДСТУ 8938:2019 152х20 ст20 7304398290;0
12304;ДСТУ 8938:2019 152х25 ст20 7304398290;0
12307;ДСТУ 8938:2019 159х 6 ст20 7304398290;0
12311;ДСТУ 8938:2019 180х25 ст20 7304398390;0
12314;ДСТУ 8938:2019 203х20 ст20 7304398390;0
12315;ДСТУ 8938:2019 203х36 ст20 7304398390;0
12321;ДСТУ 8938:2019 219х30 ст45 7304398390;0
12327;ДСТУ 8938:2019 245х20 ст20 7304398390;0
12328;ДСТУ 8938:2019 245х30 ст45 7304398390;0
12331;ДСТУ 8938:2019 273х20 ст20 7304398390;0
12332;ДСТУ 8938:2019 273х40 ст45 7304398390;0
12333;ДСТУ 8938:2019 273х45 ст45 7304398390;0
12334;ДСТУ 8938:2019 273х50 ст20 7304398390;0
12338;ДСТУ 8938:2019 299х60 ст20 7304398390;0
12341;ДСТУ 8938:2019 325х30 ст20 7304398390;0
12342;ДСТУ 8938:2019 325х40 ст45 7304398390;0
12344;ДСТУ 8938:2019 351х45 ст20 7304398390;0
12345;ДСТУ 8938:2019 351х60 ст20 7304398390;0
12346;ДСТУ 8938:2019 377х30 ст45 7304398390;0
12347;ДСТУ 8938:2019 377х35 ст20 7304398390;0
12349;ДСТУ 8938:2019 377х50 ст20 7304398390;0
12350;ДСТУ 8938:2019 377х60 ст20 7304398390;0
12353;ДСТУ 8938:2019 406х16 ст20 7304398390;0
12354;ДСТУ 8938:2019 406х40 ст20 7304398390;0
12355;ДСТУ 8938:2019 426х18 ст20 7304398890;0
12362;ДСТУ 8938:2019 530х20 ст20 7304398890;0
12363;ДСТУ 8938:2019 530х25 ст20 7304398890;0
12364;ДСТУ 8938:2019 630х12 ст20 7304398890;0
12365;ДСТУ 8938:2019 63х16 ст20 7304398290;0
12367;ДСТУ 8938:2019 70х16 ст20 7304398290;0
12369;ДСТУ 8938:2019 73х16 ст45 7304398290;0
12370;ДСТУ 8938:2019 76х 4 ст20 7304398290;0
12374;ДСТУ 8938:2019 80х 4 ст20 7304398290;0
12381;ДСТУ 8938:2019 89х 8 ст20 7304398290;0
12384;ДСТУ 8938:2019 89х25 ст20 7304398290;0
12388;ДСТУ 8938:2019 95х25 ст45 7304398290;0
12404;ДСТУ 8939:2019 108х16 ст45 7304318090;0
12406;ДСТУ 8939:2019 108х25 ст45 7304318090;0
12407;ДСТУ 8939:2019 108х28 ст20 7304318090;0
12408;ДСТУ 8938:2019 108х30 ст20 7304398290;0
12409;ДСТУ 8939:2019 108х30 ст45 7304318090;0
12414;ДСТУ 8939:2019 121х 6 ст20 7304318090;0
12421;ДСТУ 8939:2019 127х16 ст20 7304318090;0
12422;ДСТУ 8939:2019 127х16 ст45 7304318090;0
12426;ДСТУ 8939:2019 127х25 ст20 7304318090;0
12432;ДСТУ 8939:2019 133х16 ст20 7304318090;0
12438;ДСТУ 8939:2019 146х28 ст45 7304318090;0
12447;ДСТУ 8939:2019 159х12 ст20 7304318090;0
12449;ДСТУ 8939:2019 159х25 ст20 7304318090;0
12459;ДСТУ 8939:2019 180х18 ст20 7304318090;0
12462;ДСТУ 8939:2019 180х36 ст20 7304318090;0
12468;ДСТУ 8939:2019 194х35 ст45 7304318090;0
12469;ДСТУ 8939:2019 203х16 ст20 7304318090;0
12471;ДСТУ 8939:2019 203х35 ст45 7304318090;0
12472;ДСТУ 8939:2019 203х36 ст45 7304318090;0
12473;ДСТУ 8939:2019 203х40 ст20 7304318090;0
12476;ДСТУ 8939:2019 203х50 ст45 7304318090;0
12483;ДСТУ 8939:2019 219х36 ст45 7304318090;0
12485;ДСТУ 8939:2019 219х40 ст45 7304318090;0
12487;ДСТУ 8939:2019 219х45 ст45 7304318090;0
12489;ДСТУ 8939:2019 219х50 ст45 7304318090;0
12490;ДСТУ 8939:2019 219х60 ст20 7304318090;0
12491;ДСТУ 8939:2019 219х60 ст45 7304318090;0
12492;ДСТУ 8939:2019 219х70 ст20 7304318090;0
12493;ДСТУ 8939:2019 219х70 ст45 7304318090;0
12495;ДСТУ 8939:2019 245х20 ст20 7304318090;0
12498;ДСТУ 8939:2019 245х35 ст45 7304318090;0
12500;ДСТУ 8939:2019 245х50 ст20 7304318090;0
12501;ДСТУ 8939:2019 245х55 ст20 7304318090;0
12502;ДСТУ 8939:2019 245х56 ст20 7304318090;0
12510;ДСТУ 8939:2019 273х40 ст45 7304318090;0
12513;ДСТУ 8939:2019 273х45 ст45 7304318090;0
12515;ДСТУ 8939:2019 273х50 ст45 7304318090;0
12517;ДСТУ 8939:2019 28х 3 ст20 7304318090;0
12520;ДСТУ 8939:2019 299х16 ст20 7304318090;0
12524;ДСТУ 8939:2019 299х35 ст45 7304318090;0
12530;ДСТУ 8939:2019 325х10 ст20 7304318090;0
12536;ДСТУ 8939:2019 325х45 ст20 7304318090;0
12542;ДСТУ 8939:2019 34х 8 ст20 7304318090;0
12543;ДСТУ 8939:2019 34х10 ст20 7304318090;0
12544;ДСТУ 8939:2019 351х16 ст20 7304318090;0
12547;ДСТУ 8939:2019 351х45 ст45 7304318090;0
12548;ДСТУ 8939:2019 351х50 ст20 7304318090;0
12552;ДСТУ 8939:2019 351х70 ст45 7304318090;0
12553;ДСТУ 8939:2019 36х10 ст20 7304318090;0
12555;ДСТУ 8939:2019 377х40 ст20 7304318090;0
12556;ДСТУ 8939:2019 377х60 ст20 7304318090;0
12558;ДСТУ 8939:2019 38х10 ст20 7304318090;0
12563;ДСТУ 8939:2019 426х50 ст20 7304318090;0
12564;ДСТУ 8939:2019 426х60 ст20 7304318090;0
12566;ДСТУ 8939:2019 426х70 ст45 7304318090;0
12572;ДСТУ 8939:2019 50х12 ст20 7304318090;0
12574;ДСТУ 8939:2019 57х 3.5 ст20 7304318090;0
12575;ДСТУ 8939:2019 57х 4.5 ст20 7304318090;0
12576;ДСТУ 8939:2019 57х 5 ст20 7304318090;0
12577;ДСТУ 8939:2019 57х 6 ст20 7304318090;0
12580;ДСТУ 8939:2019 60х 3.5 ст20 7304318090;0
12581;ДСТУ 8939:2019 60х 5 ст20 7304318090;0
12596;ДСТУ 8939:2019 68х 8 ст20 7304318090;0
12597;ДСТУ 8939:2019 68х14 ст20 7304318090;0
12598;ДСТУ 8939:2019 70х 4 ст20 7304318090;0
12599;ДСТУ 8939:2019 70х 6 ст20 7304318090;0
12603;ДСТУ 8939:2019 73х 5 ст20 7304318090;0
12604;ДСТУ 8939:2019 76х 3.5 ст20 7304318090;0
12614;ДСТУ 8939:2019 83х18 ст45 7304318090;0
12618;ДСТУ 8939:2019 89х12 ст20 7304318090;0
12631;Труба електрозварна 720х12 S235JR 7305310090;0
12683;ДСТУ 8939:2019 152х18 ст20 7304318090;0
12708;ГОСТ 8732 194х40 ст20 7304193090;0
12751;ДСТУ 8939:2019 152х30 ст45 7304318090;0
12772;Труба проф. 120х80х10 ст17Г1С 7304900000;0
12853;ГОСТ 8732 168х15 ст45 вним( 166х15!!  );0
12872;ДСТУ 8540:2015 Лист 10х1800х6000 S235JR 7208529900;0
12906;ДСТУ 8939:2019 45х 6 ст20 7304318090;0
12932;Труба електрозварна 420х 8 ст3пс 7305310090;0
12938;Шпилька М20 L-360мм;0
12939;Болт DIN 580 Рим. М36;0
12940;ДСТУ 8938:2019 159х14 ст20 7304398290;0
12948;ГОСТ 8732 114х12 ст20 7304398290;0
12949;ГОСТ 8732 159х10 ст20 7304398290;0
12954;ДСТУ 8938:2019 219х30 ст20 7304398390;0
12958;ДСТУ 8938:2019 377х75 ст20 7304398390;0
12961;ДСТУ 8938:2019 180х 6 стQ345B 7304398390;0
12963;ДСТУ 8938:2019 146х30 ст45 7304398290;0
12964;ДСТУ 8938:2019 152х20 ст45 7304398290;0
12968;ДСТУ 8938:2019 127х 5 стQ345B 7304398290;0
12973;ДСТУ 8938:2019 140х40 ст20 7304398290;0
12975;ДСТУ 8938:2019 530х14 ст20 7304398890;0
12977;ДСТУ 8938:2019 95х 8 стQ345B 7304398290;0
12978;ДСТУ 8938:2019 152х 8 стQ345B 7304398290;0
12980;ГОСТ 8734 35х 8 ст45 7304318090;0
12988;Труби  безшовні гарячодеформовані 54х 4 ст10 7304399290;0
12989;ДСТУ 8938:2019 76х14 ст35 7304398290;0
12990;ДСТУ 8938:2019 299х 8 ст20 7304398390;0
12991;ГОСТ 8732 168х12 ст20 7304398290;0
12992;ГОСТ 8732 168х14 ст20 7304398290;0
12994;ДСТУ 8938:2019 48.3х 2.6 ст20 7304398290;0
12997;Труба проф. 80х80х 6 стQ345B 7304900000;0
12998;Труба проф. 80х80х 8 стQ345B 7304900000;0
13000;ДСТУ 8938:2019 168х40 ст20 7304398290;0
13001;ДСТУ 8938:2019 168х28 ст35 7304398290;0
13002;ДСТУ 8938:2019 273х18 ст20 7304398390;0
13003;"Кислород (6,3м.куб)";0
13004;Елемент фільтруючий 8NF01P25BBP01;0
13005;Елемент фільтруючий 8NF01P10BBP01;0
13006;Манометер BVR14P01;0
13007;Корпус підшипника листогинальної машини;0
13009;Колодка 3 гнізда з заземленням;0
13010;Вилка 3Р+РЕ 16А 380В IP44 IEK;0
13011;Силовий роз'єм гніздо стаціон.4*16;0
13012;Смесь сварочная;0
13013;Шайба;0
13014;Шпилька;0
13015;Гайка;0
13017;Труба проф. 100х100х 6 стQ345B 7304900000;0
13020;ДСТУ 8939:2019 15х 3 ст20 7304318090;0
13027;ДСТУ 8939:2019 27х 3.2 ст20 7304318090;0
13028;Труба проф. 150х100х 6 стQ345B 7304900000;0
13029;Цанга зажимна;0
13030;Вхідна дюза;0
13032;ДСТУ 8938:2019 121х10 ст09Г2С 7304398290;0
13034;ДСТУ 8938:2019 273х60 ст20 7304398390;0
13046;Труба проф. 150х150х 8 стQ345B 7304900000;0
13047;ДСТУ 8939:2019 45х 8 ст20 7304318090;0
13052;ДСТУ 8939:2019 25х 4 ст20 7304318090;0
13053;ДСТУ 8939:2019 20х 3 ст20 7304318090;0
13055;ДСТУ 8939:2019 83х 4 ст20 7304318090;0
13065;Труба проф. 200х200х10 стQ345B 7304900000;0
13068;Регулятор обортів ел/двигуна тип FR-D740-050SC-EC;0
13069;Програматор для настр.парамет.тип FR-PA07;0
13070;Болт М12 d 13;0
13072;Вал вхідний;0
13073;Кришка вала;0
13074;Кришка напівмуфти;0
13076;"Фланець зубчаста  m=2,5;z=30";0
13077;"Втулка зубчаста m=2,5;z=30";0
13078;"Втулка зубчаста m=3;z=40 циліндр.отв.";0
13079;"Втулка зубчаста m=3;z=30 коніч.отв.";0
13081;Електродвигун MTF 211-6 7.5кВт/950об/хв.;0
13083;Стулья ISO Black V-4;0
13084;Напівкомбінезон утеплений SPECIAL;0
13085;УНО+ШАФА Р10;0
13086;САПОГИ ПВХ;0
13087;ШТАНЫ УТЕПЛЕННЫЕ;0
13088;Холодильник WHIRLPOOL BSNF 8122 O;0
13089;Шкаф гардер.;0
13090;ОГНЕТУШИТЕЛЬ ВВК-35(ВВ-5);0
13091;СТУЛдля поситит.SYLWIA(BOX-4) ZT-24;0
13092;ПОЛУКОМБЕНЗОН УТЕП.СПЕЦНАЗ;0
13093;Туалет надворн.(база Новом.);0
13094;Шкаф угловой;0
13095;Монитор SamsyngS22T390H;0
13096;СЕКАТОР;0
13097;Микрометр труб.цифровой МТЦ 025мм;0
13098;Рукавицы SIMON;0
13099;Образец станд.СО-3;0
13100;Huawei 3G/4G E577Fs;0
13101;КАСКА ЗАЩИТНАЯ;0
13102;Стул;0
13103;Микроволновая печь LG;0
13104;СТЕЛАЖИ(карманы)для ХРАН.ГОТ.ПРОД-И на складе;0
13105;"ОГНЕТУШИТЕЛЬ ВВК-1,4на подст.";0
13106;Гайковерт ударн. 3/4 в комп.корпусе1357Нm 407;0
13107;РОЛЕТЫ лайт 210х170ткан.ситц.беж;0
13108;Тумба закрита (2шт);0
13109;Окуляри мод. V 6100;0
13110;ШКАФЫ (тех.отд);0
13111;Огнетушитель ВВК-2 с подставкой;0
13112;каскетка ударост.;0
13113;Тумба мобільна;0
13114;Стол для перег.криволин.1100х600х750Н;0
13115;Черевики  утепл. FIRWIN;0
13116;КУРТКА УТЕП.СПЕЦНАЗ;0
13117;Подставка под болты кас.верт.валков стана  УПС;0
13118;"ОГНЕТУШИТЕЛЬ ВВК-3,5на подст.";0
13119;ЛЕСТНИЦА "Трембита";0
13120;Напівчеревики "Ургент";0
13121;Точка доступа UniFi UAP AC;0
13122;Костюм волог. CLEO;0
13123;НАБОР ОТВЕРТОК ДИЭЛЕКТР STAYER/6шт;0
13124;полуботинтки утепленныз;0
13125;Черевики шкіряні утеплені FIRWIN;0
13126;СТУЛ РЕКС.обшаяW55cv;0
13127;Аппарат сварочный ТЕСЛА ММА-253;0
13128;Чоботи ПВХ Имидж;0
13129;Вогнегасник ВП-5;0
13130;Шкаф для одежды ШО-400/2;0
13131;Стол офисн.Рortable(оф.маркетинг);0
13132;КАЛЬКУЛЯТОР 12Р CITIZEN SDC-888TII200х159;0
13133;"Домкрат бутылочный типа (20,0т Haklift)";0
13134;Электрообогреватели ТЕРМОПЛАЗА;0
13135;Термінал Ericson 320;0
13136;ШКАФ для ОДЕЖДЫ;0
13137;Шлифмашинка угловаяDnipro-MGL-125S;0
13138;"Монитор Samsung23,8 DELL";0
13139;Стол офисн.углов.Рortable (оф.маркетинг);0
13140;Чоботи ПВХ ТОРНАДО;0
13141;"КОШМА 2х1,5 (пожарн. покрывало)";0
13142;Стол оф.прямый Portable;0
13143;Тел.моб.-1600;0
13144;полуботинкии  утепл;0
13145;Стол офисн.углов.Zigzag1(оф.маркетинг);0
13146;Куртка утеплена SPECIAL;0
13147;Бензокоса Foresta FC-43;0
13148;КЛЮЧ ГАЕЧНЫЙ 27*30;0
13149;"ОГНЕТУШИТЕЛЬ ВВК-3,5";0
13150;КУРТКА  ПОЛЮС С КАП.( ЗИМА);0
13151;Телефон Ай Пi Grandstream GXP1610;0
13152;Прожектор 50W;0
13153;Шина195/65R15 (дляФордКоннект);0
13154;ВЕДРО конусное(пож.инвент);0
13155;Устройство скрепляющее;0
13156;ЛАМПА настольная"ФАВОРИТ";0
13157;Трансформатор тока;0
13158;Документ-сканер А4 Brother ADS1200;0
13159;Точка доступа UbilquitiUniFi ACMesh ProAp -2шт;0
13160;Светильник светод.СЭС8-155;0
13161;Кондиционер GREE GWH(офис);0
13162;Шафа для документів закрита;0
13163;ЛЕСТНИЦА дах. LWS;0
13164;Стелаж для документів(15шт);0
13165;СТУЛдля поситит.SYLWIA ARM(BOX-4) ZT-24;0
13166;СТУЛ (Демченко);0
13167;ШТАНГЕНЦИРКУЛЬ ШЦ-300 ММ;0
13168;Черевики шкіряні утеплені;0
13169;Аппарат для нагрева/охлаждения водыНОТFROST400AS;0
13170;ОгнетушителиВВК-2(ВВ-3);0
13171;"Штангенциркуль ШЦ-11-250-0,05";0
13172;Толщиномер ТУЗ-5(ПЕП 5МГц);0
13173;"Штангенциркуль ШЦ-!!-250 0,05";0
13174;Принтер Еcosys P3145 dn;0
13175;Шафа навісна;0
13176;Дальномет DLE40;0
13177;Вешалка для одежды Venezia alu;0
13178;Компрессор Циклон;0
13179;КУВАЛДА С РУЧКОЙ 2 КГ;0
13180;Черевики  ОМОН ПУП ЕВРО утеп.;0
13181;Сварочный аппарат IGBT Dnipro-V SAB-258N;0
13182;Настольн. лампа черн.Camelion;0
13183;Тумба відкрита (2шт);0
13184;СТУЛ 3832 ISO BLACK A-2;0
13185;ПЛАЩ ПВХ;0
13186;Рукавицы HOUSTON;0
13187;Монитор LG 22MP48A- P;0
13188;Бензокоса ИЖ iнд.;0
13189;СТОЛ для перегов. криволин.углов.1100х1150х750Н;0
13190;КЛЮЧ ГАЕЧНЫЙ 30*32;0
13191;МФУ НР LJ Pro M130a;0
13192;Телефон Ай Пi Grandstream GXP 1610;0
13193;НАБОР ДЛЯ  РЕЗЬБЫ ТОРЕХ;0
13194;Тумба;0
13195;КУВАЛДА С РУЧКОЙ 4 КГ;0
13196;Стіл тумба;0
13197;Люнет;0
13198;ЭЛЕКТРОДРЕЛЬ;0
13199;Тиски слесарние 200мм;0
13200;ПРОЖЕКТОР LED-SP-50W220B с компл.;0
13201;Кондиционер GREE GWH12AAВ;0
13202;Шафа для одягу (5шт);0
13203;Брюки утеплені "ФОРМАН ФЛІС";0
13204;Куртка утеплена Спецназ;0
13205;"Монитор 23,5 Samsyng Сurved C24F390F";0
13206;Многофункц.устр-во FS-1120MFP Куосеra;0
13207;КУРТКА УТЕПЛЕННАЯ ЗИМА;0
13208;Стол обеденный;0
13209;Клавиатура игровая TrastGХT;0
13210;ПланшетLenovoTab M10 c прогр.об-ем;0
13211;"Контейнер для ТПВ 0,75мкуб";0
13212;МИКРОМЕТР МК 400-500;0
13213;Дозатор рідкого мила автоматичний SDA 500;0
13214;"Вышки туры АТЛАНТ 1,2х2";0
13215;Урна для сміття 47л S-LINE;0
13216;ОгнетушительВВК-2 с креплением(3шт);0
13217;Сушилка автом.для рук;0
13218;Кондиционер GREE GWH09AAA;0
13219;СВЕТИЛЬНИК LDW013 наст.;0
13220;Тумба для оргтехники;0
13221;ПОЛУКОМБЕНЗОН УТЕПЛЕННЫЙ;0
13222;СЧЕТЧИК НИК 2301 АП3В 380В;0
13223;Шкаф хозяйственный ШМХ-400/2;0
13224;Шапочка текстильна;0
13225;Шафа для документів;0
13226;куртка утепл. зима;0
13227;СТОЛ для сортировки труб;0
13228;КЛЮЧ ТРУБНЫЙ 2;0
13229;Комплект бездрот.НР клавіатура і миша300;0
13230;БРЮКИ  утепл. Зима;0
13231;Тумба 700х320х750;0
13232;"Домкрат (50,0.АВТ Hakift)";0
13233;Стелаж мет.фарб с полками дсп;0
13234;Стелаж-Кишеня;0
13235;Тумба мобільна (4шт);0
13236;Шкаф для хр-я кислород.баллонов;0
13237;Кондиционер GREE GWH24AAD;0
13238;ШКАФ для одежды ( двойной );0
13239;Огнетушитель ВВ-2;0
13240;ПРИНТЕРКуосеraFS-2000D;0
13241;Электр.распред.ящик(контораАНД);0
13242;СТОЛ С-16;0
13243;"Монитор23,5 SamsungS24F350F";0
13244;МИНИМОЙКА Karcher K4 compact car;0
13245;Кресло "Тема";0
13246;ШКАФ для одежды двойной 600х500х1800серый;0
13247;Ведро с педалью 10л FPP BUTTERFLY;0
13248;Подст. под сист. блокПСБ250х500х100;0
13249;Микрометр трубный МТ-25(типJ);0
13250;Переговорное устройство WT415;0
13251;Насос для откачки води;0
13252;СТОЛ приставной;0
13253;Стіл оф. однотумбовий кутовий;0
13254;Комплект DELL KM 636 клавіатура з мишкою RU (580-A;0
13255;Стелаж метал.Титан;0
13256;"Урна S-LINE 16л. чорна, метал";0
13257;Огнетушитель ВП-5;0
13258;Жалюзи верт.(5шт);0
13259;ШКАФ  Ш-2а;0
13260;"Урна Попільничка Барселона 100,чер.";0
13261;"Рукавички гумові діалектричні клас 0, категор.RCB";0
13262;Ключ комб. 55мм;0
13263;Тумба мобильная ТМ-2 (оф.маркетинг);0
13264;Смартфон Samsyng Galaxy A10s A107F;0
13265;Жалюзи вертикальние;0
13266;"Штангенциркуль ШЦ-111 0-400 0,5";0
13267;КУРТКА УТЕПЛ МЕТЕЛЬ;0
13268;Набор торцових головок 1/2 24 предмета;0
13269;Печь микроволновая WHIRLPOOL MWF 421SL(25л/гриль/э;0
13270;РадиотерминалGS Sprut Universal;0
13271;КЛЮЧ ГАЕЧНЫЙ 41*46;0
13272;"Монитор 23,5 Samsung S24F350F";0
13273;ИБП Powercom BNT-1000AP USB (безперебойник);0
13274;Конвектор Термия 2М;0
13275;СТУЛ ПОЛО40/АМФ5РОЗАННА-17;0
13276;Часы наст. с логотипом;0
13277;ПЕЧЬ ПЭТ-4 22В;0
13278;Сигнализатор газа СГБ-1-7Б(2шт);0
13279;ТПП-2В 120 (ДГКУ);0
13280;НоутбукLenovo IdeaPad 3;0
13281;Монитор Samsyng S22T390Н;0
13282;Чоботи  шкіряні утеплені TIBIA;0
13283;электроводонагр.ATLANTIK Steatite VM100;0
13284;РУЛЕТКА 10М;0
13285;Бурки жіночі;0
13286;Фотокамера SAMSUNG в комплекте;0
13287;СТОЛ 2040х600х750(сторожка);0
13288;Кронциркуль для внутренных измерений 500мм;0
13289;Шафа для одягу;0
13290;Гайковерт ударный 1/2;0
13291;Стелаж для хранения ГП;0
13292;Стільці "Тема";0
13293;"ОГНЕТУШИТЕЛЬ ВВК-3,5 с подстав.и растр.";0
13294;Галоші діалектричні "ЭВ" 307 579;0
13295;Стіл для прийому їжі;0
13296;"Огнетушитель ВВК-3,5 (с подставкой)";0
13297;Стілець Квест хром (9шт);0
13298;ШКАФ 2270х1100х360;0
13299;НАБОР КЛЮЧЕЙ 8-24;0
13300;Шафа офисна (оф.маркетинг);0
13301;Ноутбук АSUS Х515JA-BR107;0
13302;Монитор 27 Dell P2720D(210-AUOQ);0
13303;Краскораспылитель Компас;0
13304;Куртка утеплена "Зима";0
13305;КЛЮЧ ГАЕЧНЫЙ 32*36;0
13306;Ноутбук НР 255 G8;0
13307;Щит силовой электр.(анд);0
13308;КомплектDell RV636 клавиатура с мышкой;0
13309;Принтер;0
13310;Точка доступа TP-LINK CPE210;0
13311;Устройство скрепляющее М4С;0
13312;Образец станд.СО-2;0
13313;Мойка с нерж.стали Universal;0
13314;Станок наст.сверл.НС-12;0
13315;Шафа для документів (2шт);0
13316;КОШМА (пож. покрывало);0
13317;СТОЛ пис.1400х700х750;0
13318;Электрообогреватели панельные Термоплаза (10шт);0
13319;Комплект Dell КМ636 клавіатура з мишкой;0
13320;Печь микрохв.Самсунг MS23F30ITF-W;0
13321;Стол однотумбовый(1360х600)(4 шт);0
13322;Бензокоса Фореста (2шт);0
13323;Кондиционер GREE GWH12ААВ;0
13324;СТУЛ РЕКС.(вишневый);0
13325;Секция кухонная (нижняя);0
13326;Весы крановые  ВЕК 5К;0
13327;ШКАФ офисный;0
13328;БЕНЗОКАСА ИЖ;0
13329;УГЛОМЕР ТОРЕХ30С343 350х210;0
13330;Стіл оф. кутовий Portable;0
13331;МОЛОТОК С РУЧКОЙ 800Г;0
13332;"Монитор 23,5Samsyng S24F350F";0
13333;Тел.моб.-2610;0
13334;Тумба под МФУ (оф.маркетинг);0
13335;СТОЛ;0
13336;Удлинитель на катушке50м;0
13337;Чайник электр.FHILIPS HD931/93;0
13338;ТАЧКА для ПЕРЕСЕЩЕНИЯ ИНСТРУМЕНТА;0
13339;"СТОЛ,КОНТЕЙНЕР";0
13340;СТОЛ пластиковый квадр.;0
13341;Коммутатор НРJ9663А;0
13342;"Манометр МТП-60С 6,3м(наДрезине)";0
13343;Аппарат NOKIA 107;0
13344;Урна Батерфляй 10л с педалью;0
13345;ОГНЕТУШИТЕЛЬ ВП-6;0
13346;СТУЛ БРИДЖ/АМФ5;0
13347;Холодильник ZanussiZRT2710WA;0
13348;Шафа комбінована;0
13349;Диван Бона;0
13350;ЭЛЕКТРООБОГРЕВАТЕЛЬ 1000 титан;0
13351;МОНИТОР SAMSUNG S22F350F;0
13352;СТОЛ для переговоров1100х600х750Н;0
13353;"Штангенциркуль ШЦ-11 0-250 0,5";0
13354;Лампа настол. Махim DKL 8w;0
13355;ПРИНТЕР Куосеra FS-2000D;0
13356;"Трансформатор ОС3-1.6 (1,6кв*А ВН-380В, НН-220В)";0
13357;ШТАНГА ОПЕРАТИВНАЯ(ШО-15);0
13358;Инструмент для обжимки неизоли;0
13359;Холодильник Elektrolux ERT150 1FOW3;0
13360;УНО+СТОЛвишн.;0
13361;Кресло МустангМеханизмАніфікс хромНеаполь;0
13362;Набор торцових головок 1/4 и 3/8;0
13363;Источник бесп. питания Mustek Power Must1000;0
13364;Куртка флісова KARELA;0
13365;Светильник светод.СЭС8-125;0
13366;"Монитор23,8DELLP2421DC(210-AVMG)";0
13367;Видеопанель SOLO;0
13368;Урна-попильниця.нерж.ст.18л;0
13369;МИКРОМЕТР МТЦ0-25;0
13370;Монитор 27 Samsyng S27A800U;0
13371;Напівкомбінезон утеплений "Зима";0
13372;ТОКЕН;0
13373;Тумба мобил.(оф.маркет)- (9шт);0
13374;ШКАФдля одежды одинарный;0
13375;Перегородка на стол(оф.маркет)-(4шт);0
13376;"Пристрій електронагрівальний1,6кВт380В";0
13377;Плита индукционная HAUSMARK IC-YLO4D;0
13378;Тримач рушників паперових в пачках Mediclinics WAL;0
13379;"Котел електр.ТеnkoСПКЕ10,2 380";0
13380;СКАНЕР EPSON;0
13381;НАБОР СВЕРЕЛ Д 4-12;0
13382;"Электроплита дисковая ЕПЧ2-3,0";0
13383;Прожектор;0
13384;ОГНЕТУШИТЕЛЬ ВВК-2;0
13385;Конвектор Термия ОС;0
13386;Стільці "Визи";0
13387;ШТАНГЕНЦИРКУЛЬ ШЦ-150;0
13388;Стол офисн.Рortable (оф.маркетинг);0
13389;Мотокоса ИЖ;0
13390;Ведро конусное;0
13391;Многоф.устр-воFS-1025MFP Куосера;0
13392;Лопата;0
13393;СТОЛ С-10;0
13394;ХОЛОДИЛЬНИК Indezit TIAA 14;0
13395;Перегородка на стіл (8шт);0
13396;Знак "Огнетушитель";0
13397;Насос ручной для масла ротор.;0
13398;КоммутаторД-LinkDGS-1210-10;0
13399;Зарядноеустройство МахinterPlus 30вт;0
13400;Устройство беспереб.пит-яUPSPowercomBTN-1000AP;0
13401;Стіл оф. однотумбовий;0
13402;Секция кухонная (верхняя);0
13403;Смартфон Samsyng Galaxy M31red;0
13404;КУРТКА ЩТОРМ;0
13405;Монитор 24 Samsung S24R350F;0
13406;Штангенциркуль І-250-0.05;0
13407;КЛЮЧ ГАЕЧНЫЙ 36*41;0
13408;Куосеra многофункц.устр-воFS-1025MFP;0
13409;Тумба Т1 (оф.маркетинг);0
13410;Редуктор тиску Herz-2682(вн.мережі опалення);0
13411;Колесо дорожное мерное;0
13412;"Монитор 23,8 DELL P2418D";0
13413;Системный блок АRTLINE BisinessB37;0
13414;МАСКА VIZOR4000;0
13415;Мобильный телефон Nokia 105( TA-1034) DS;0
13416;СТОЛ С-7;0
13417;КАЛЬКУЛЯТОР CITIZEN SDC-888Т;0
13418;Гарнитура компьютерная (5шт);0
13419;Шкаф для одежды комбин.;0
13420;Заземление перен. подст.(ЗПП-15 3/3);0
13421;ПланшетSamsyng Galaxe Tab A7LTE Grey;0
13422;Счетчик мотогодин.228ЧП;0
13423;Стелаж-карман;0
13424;Водонагреватель AtlanticExpert;0
13425;Термоплаза ТР325 с терморегулятором;0
13426;КЛЮЧ ГАЕЧНЫЙ 50*55;0
13427;Коммутатор D-link DGS-1210-10;0
13428;ГИДРАВЛИЧЕСКИЙ ИНСТРУМЕНТKYQ;0
13429;Стелажи для документов (оф.маркетинг);0
13430;Стіл оф. двотумбовий;0
13431;"ТОПОР хоз.кованный0,75кг с ручкой";0
13432;"Штангенциркуль-11 0-250 0,05";0
13433;Монитор ASUS VC239HE;0
13434;Огнетушитель ВВ-5;0
13435;Станок сверл.FDB MaschinenDrilling13/50;0
13436;МФУ НР LJProM130a;0
13437;СТОЛЫ АМФ ST-82вишня(Тех.отд));0
13438;штангециркуль шц-111 0-800;0
13439;Лестница KRAUSE Tribilo 3[11;0
13440;Пояс монтажный стросом;0
13441;ТОЧИЛО ИЖ1150;0
13442;Гардероб;0
13443;Вешалкадля одежды.Venezia blac;0
13444;Печать (для б.АНД);0
13445;СТОЛ под компьютер;0
13446;"КРУГЛОГУБЦЫ ДИЭЛИТР,";0
13447;Печь микрохв.CANDY CMW207OM;0
13448;АПТЕЧКА оф.+Пособие по оказ.первичн. помощи;0
13449;Тумба 800х350х750;0
13450;Напівчеревики  ПУП ЄВРО  утепл. ( БРАЙС );0
13451;УГЛОВОЕ РЕШЕНИЕ УР-1;0
13452;ОГНЕТУШИТЕЛЬ ВВК-2на подст.;0
13453;"Монитор 23,8Dell p2418D";0
13454;Стіл оф.прямий Portable (2шт);0
13455;Тел.моб-160;0
13456;Стіл офісний;0
13457;ЭЛЕКТРОШЛИФМАШИНКА DWT 230TT;0
13458;ТАБЛИЧКА -граветон;0
13459;Чайник пластиковый BRAUN WK3100 BK;0
13460;Миша Dell Bluetooth WM615 (570-AAIH);0
13461;Штангенциркуль цифр.высокоч.ШЦЦ1-150;0
13462;РУЛЕТКА 5 М;0
13463;Комплект бездрот.НР клав.і миша300;0
13464;Гайковерт ударний3/4 в композит корпусе;0
13465;Анимометр М-95МЦ;0
13466;Стол ВТ-86;0
13467;КУВАЛДА С РУЧКОЙ 6 кг;0
13468;"Штангенциркуль ШЦЦ-0-150 0,01";0
13469;ШКАФ купе Н-700мм;0
13470;БОКОРЕЗЫ ДИЭЛЕКТР STAYER 160mm;0
13471;ШКАФдля одежный ШО-400/2уп;0
13472;Диск жосткий (для сис-мы видеон-я);0
13473;Щит пожарний;0
13474;СТОЛ вишн.СТ82 УНО+66;0
13475;ШТАМП W22.5/PG16;0
13476;"Монитор Samsung23,5 S24F350F";0
13477;Топор пожарний;0
13478;УКАЗАТЕЛЬ высокого напряжения"Экиволта";0
13479;"Пылесос промышленный (ППУ 1,5 Wix)";0
13480;Доска АВС магн. с принадлежностями;0
13481;Поверхность электрич.PYRAMIDA CFEA640B;0
13482;Ключ комб.65мм;0
13483;"УГЛ. шлифмаш9555NB:710Вт,125мм";0
13484;СЧЕТЧИК водыМКТ1/2(в колодязе водопр.сети);0
13485;"ПЛОСКОГУБЦЫ ДИЭЛЕКТР,STAYER 180мм";0
13486;Стол компьютерный;0
13487;МИКРОМЕТР труб.цифр.Микротех МТЦ-50;0
13488;Тумба мобильная (оф.маркетинг);0
13489;ШКАФдля одежды двойной;0
13490;Тумба Т2 (оф.маркетинг);0
13491;Огнетушитель ВП-2;0
13492;Смартфон Nokia 2.3 (TA-1206) 2/32GB DS UA;0
13493;Планшет SamsyngGalaxyTab A T510 10.1 WiFi2\32;0
13494;"НАБОР ТОРЦ,ГОЛОВОК 10-32";0
13495;Доска сух-магн.в алюм. рамке с принадл.;0
13496;Микрометр трубный цифровой МТЦ 0-25(ТЕРМ);0
13497;Радиотерминал GSM Sprit Universal;0
13498;"ШТАНГЕНЦИРКУЛЬ ШЦ-1-250 0,05";0
13499;Стабилизатор AVR;0
13500;Коммутатор D-Link DGS-1210-20...;0
13501;Клавиатура Microsoft WirelessDesktor850;0
13502;Многофунк.устр-во КУОСЕРА FS-1024;0
13503;Шкаф гардеробный;0
13504;Устройство зарядно-питающееУЗПС24-40;0
13505;Насос ручной 16/л/хв;0
13506;СТОЛ хором.900х590х490дуб РУСТ;0
13507;Знак "Звонить 101";0
13508;МИКРОМЕТР МК 500-600;0
13509;Кухня;0
13510;ШКАФ  Ш-10;0
13511;Костюм  ПВХ + нейлон;0
13512;Стол 1291;0
13513;Тумба (оф.маркетинг);0
13514;Тумба кабинетна с полицею;0
13515;Плащ влагост.NICK.ПВХ;0
13516;Смартфон-Samsung Gala[y V14LTE 4|64Gb;0
13517;Кресло МустангМеханизм Аніфікс хром неаполь;0
13518;ШКАФ900х550х2000;0
13519;ПРИНТЕР Куосеrа FS-1120D;0
13520;ЯЩИКраспред.вводной (АНД);0
13521;Машинко пиш. "Листвица";0
13522;Лавочка мет. для отдыха(уч5);0
13523;Монитор 23.8 DELL P2418D(210-AMRS);0
13524;Шкаф для одежды комб.;0
13525;СТОЛ С-4;0
13526;МОНИТОР 22;0
13527;Образец станд.СО-1;0
13528;ВЫВЕСКА;0
13529;Мобильный телефон Nokia 106 DS TA 1114;0
13530;Варочная поверхность ВЕКО;0
13531;Комплект Dell КМ717 клавіатура з мишкой;0
13532;Смеситель для кухни Brado;0
13533;Полка 8289;0
13534;Видеокамера  Sk-1004;0
13535;СЧЕТЧИК ТРЕХФАЗНЫЙ НИК2303 АРК1;0
13536;Стол для слесарного помещения;0
13537;КОНТЕЙНЕР для кислородного балона;0
13538;Стіл керівника;0
13539;Тумба під МФУ;0
13540;ПРИНТЕР KYOCERA FS-1025MFP;0
13541;Печь микроволновая Samsyng(2шт);0
13542;Монитор PHILIPS223V5LSB/62;0
13543;КоммутаторD-Link DGS-1100-OBR;0
13544;"Трансформатор ОС3-1,6 (на козл.кранеКК-0-12,5)";0
13545;Лом;0
13546;Рукавички диалектрические безшовные;0
13547;Туалет надворн. (уч.№5);0
13548;Карман для склад.труб;0
13549;Стелаж (оф. маркетинг);0
13550;СЧЕТЧИК НИК2303АРК-1;0
13551;Пожарная автоматика;0
13552;Стенкомер индикаторный С-10А;0
13553;GREEN CAPLE 950 (упс);0
13554;Штамп (зг. з орігіналом);0
13555;Шкаф мет.под электр3-х фазн.счетчик;0
13556;Багор;0
13557;КРЕСЛОПРЕСТИЖ М ЛЮКС;0
13558;ДСТУ 8938:2019 121х12 ст20 7304398290;0
13559;ДСТУ 8938:2019 168х 5 ст20 7304398290;0
13560;ДСТУ 8938:2019 108х25 ст35 7304398290;0
13561;ДСТУ 8938:2019 273х10 ст20 7304398390;0
13563;ДСТУ 8938:2019 60х 4.5 ст20 7304398290;0
13566;Вал вертикальний Блок 2 (клеть 4) УПС 10.520-4-04;0
13567;Шаблон УПСШ 10.520-4-04;0
13568;ДСТУ 8938:2019 299х45 ст20 7304398390;0
13570;ДСТУ 8938:2019 114х 4 ст20 7304398290;0
13572;ГОСТ 8732 159х14 ст20 7304398290;0
13573;Труба проф. 100х50х 8 ст09Г2С 7304900000;0
13575;ДСТУ 8938:2019 133х32 ст20 7304398290;0
13576;ДСТУ 8938:2019 102х14 ст35 7304398290;0
13580;ДСТУ 8939:2019 85х 6 ст20 7304398290;0
13582;ДСТУ 8938:2019 203х22 ст20 7304398390;0
13583;ДСТУ 8938:2019 146х22 ст20 7304398290;0
13585;ДСТУ 8938:2019 168х20 ст35 7304398290;0
13592;"Кепка К5 саржа, грета";0
13600;Рукавиці шкіряні спілкові ХАРДВОК ЛЮКС цільна долонь;0
13602;Рукавиці технічні арт С04-0552 МАЛЯР;0
13605;ДСТУ 8938:2019 121х14 ст45 7304398290;0
13606;ДСТУ 8938:2019 127х18 ст45 7304398290;0
13607;Роз'єм 32/500 2-х полюсний;0
13608;Светильник с/д DE 1725 9W(36*15*15см);0
13610;"Вилка кутова з/з штепсельна, біла";0
13611;Розетка подвійна  ВК1-1402-3612 (каучук)1*16А ІР44;0
13612;Провід ПВ-3 нгд 10;0
13625;Втулка ф76мм;0
13626;Шпилька стяжна;0
13627;Лист 20;0
13628;ДСТУ 8939:2019 51х 2.5 ст20 7304318090;0
13630;ДСТУ 8939:2019 57х 3 ст20 7304318090;0
13634;Вал  магнит.;0
13635;фотобарабан;0
13636;Вал  первин.зарядки;0
13646;ДСТУ 8938:2019 152х10 ст09Г2С 7304398290;0
13647;ДСТУ 8938:2019 102х24 ст20 7304398290;0
13648;ДСТУ 8938:2019 168х22 ст20 7304398290;0
13652;ДСТУ 8938:2019 325х25 ст20 7304398390;0
13653;ДСТУ 8938:2019 426х36 ст45 7304398890;0
13654;ДСТУ 8938:2019 203х16 ст20 7304398390;0
13655;ДСТУ 8938:2019 299х40 ст45 7304398390;0
13656;ДСТУ 8938:2019 325х60 ст45 7304398390;0
13657;ДСТУ 8938:2019 219х36 ст45 7304398390;0
13659;ДСТУ 8938:2019 89х 8 ст45 7304398290;0
13660;ДСТУ 8938:2019 273х36 ст45 7304398390;0
13661;ДСТУ 8938:2019 426х36 ст20 7304398890;0
13664;Муфта  Enoterm ПРЗ 32*1 заж.;0
13704;ДСТУ 8938:2019 48.3х 5 ст09Г2С 7304398290;0
13705;ДСТУ 8938:2019 133х20 ст20 7304398290;0
13706;ДСТУ 8938:2019 140х30 ст20 7304398290;0
13711;ДСТУ 8938:2019 426х32 ст20 7304398890;0
13712;ДСТУ 8938:2019 426х32 ст45 7304398890;0
13713;ДСТУ 8938:2019 299х60 ст45 7304398390;0
13714;ДСТУ 8938:2019 83х14 ст20 7304398290;0
13715;ДСТУ 8938:2019 351х20 ст20 7304398390;0
13719;Труба проф. 200х80х 6 стQ345B 7304900000;0
13721;ДСТУ 8938:2019 114х10 ст20 7304398290;0
13722;ДСТУ 8939:2019 530х70 ст45 7304318090;0
13726;Труба проф. 200х200х12 ст09Г2С 7304900000;0
13727;Труба проф. 300х200х12 ст20 7304900000;0
13728;ДСТУ 8938:2019 219х22 ст20 7304398390;0
13729;ГОСТ 8732 127х 6 ст20 7304398290;0
13730;ГОСТ 8732 146х 8 ст20 7304398290;0
13731;ДСТУ 8938:2019 102х22 ст45 7304398290;0
13732;ДСТУ 8938:2019 102х18 ст45 7304398290;0
13734;ДСТУ 8938:2019 89х12 ст45 7304398290;0
13737;Командоконтролер ККТ 61;0
13738;Командоконтролер ККТ 62;0
13739;ДСТУ 8938:2019 95х10 ст20 7304398290;0
13740;ДСТУ 8938:2019 159х40 ст20 7304398290;0
13741;ДСТУ 8938:2019 168х28 ст20 7304398290;0
13745;ДСТУ 8938:2019 406х20 ст20 7304398390;0
13749;ДСТУ 8938:2019 245х12 ст20 7304398390;0
13751;ДСТУ 8938:2019 95х14 ст20 7304398290;0
13753;Напівчеревики робочі демісезонні Ardon FIRLOW 01;0
13754;Куртка робоча демісезонна Insight Holden;0
13755;Штани робочі демісезонні Insight Holden;0
13758;Футболка Insight Standart чорна;0
13760;ДСТУ 8938:2019 70х 4 ст20 7304398290;0
13762;Напівчеревики робочі демісезонні Ardon FIRLOW S1P;0
13763;ГОСТ 8732 219х10 ст20 7304193090;0
13766;Труба проф. 200х150х10 стQ345B 7304900000;0
13767;Труба проф. 200х150х8 стQ345B 7304900000;0
13769;ДСТУ 8938:2019 121х30 ст20 7304398290;0
13770;ДСТУ 8938:2019 377х60 ст45 7304398390;0
13775;Поршнева 40;0
13778;Щепленя;0
13782;Карбюратор;0
13783;ДСТУ 8938:2019 95х16 ст45 7304398290;0
13784;ДСТУ 8938:2019 114х18 ст20 7304398290;0
13785;ДСТУ 8938:2019 127х20 ст20 7304398290;0
13786;ДСТУ 8938:2019 102х18 ст20 7304398290;0
13787;ДСТУ 8938:2019 133х30 ст45 7304398290;0
13788;ДСТУ 8938:2019 133х25 ст35 7304398290;0
13789;ДСТУ 8938:2019 127х22 ст20 7304398290;0
13791;ГОСТ 8732 159х 4.5 ст20 7304398290;0
13793;ГОСТ 8732 114х 6 ст20 7304398290;0
13794;ДСТУ 8939:2019 16х 3 ст20 7304318090;0
13796;ДСТУ 8939:2019 28х 4 ст20 7304318090;0
13797;ДСТУ 8939:2019 42х 8 ст45 7304318090;0
13799;GB/T 8162:2018 80х 8 ст20 7304318090;0
13802;GB/T 8162:2018 83х12 ст20 7304318090;0
13804;GB/T 8162:2018 89х10 ст20 7304318090;0
13806;GB/T 8162:2018 28х 5 ст20 7304318090;0
13807;GB/T 8162:2018 28х 4 ст20 7304318090;0
13809;GB/T 8162:2018 50х 6 ст20 7304318090;0
13810;GB/T 8162:2018 50х10 ст20 7304318090;0
13812;GB/T 8162:2018 76х 6 ст20 7304318090;0
13813;GB/T 8162:2018 28х 8 ст20 7304318090;0
13817;ДСТУ 8938:2019 168х24 ст20 7304398290;0
13818;ДСТУ 8938:2019 140х30 ст45 7304398290;0
13819;ДСТУ 8938:2019 146х25 ст20 7304398290;0
13821;ДСТУ 8938:2019 140х20 ст20 7304398290;0
13823;GB/T 8162:2018 51х 6 ст20 7304318090;0
13825;GB/T 8162:2018 60х 8 ст20 7304318090;0
13827;GB/T 8162:2018 42х 5 ст20 7304318090;0
13828;GB/T 8162:2018 60х 4 ст20 7304318090;0
13829;GB/T 8162:2018 60х 5 ст20 7304318090;0
13834;GB/T 8162:2018 108х 6 ст20 7304318090;0
13835;ДСТУ 8939:2019 21х 2 ст20 7304318090;0
13836;ДСТУ 8939:2019 25х 3.5 ст20 7304318090;0
13837;ДСТУ 8939:2019 28х 2 ст20 7304318090;0
13840;ДСТУ 8939:2019 42х10 ст20 7304318090;0
13843;"ДСТУ 8939:2019 42х 3,5 ст20 7304318090";0
13845;ДСТУ 8939:2019 16х 2.5 ст20 7304318090;0
13847;ДСТУ 8938:2019 426х20 ст20 7304398890;0
13848;ДСТУ 8938:2019 299х16 ст20 7304398390;0
13850;ДСТУ 8938:2019 159х16 ст20 7304398290;0
13851;1ДСТУ 8938:2019 180х 6 ст20 7304398390;1
13854;ДСТУ 8938:2019 194х30 ст45 7304398390;0
13855;Труба проф. 80х40х 6 ст09Г2С 7304900000;0
13857;GB/T 8162:2018 45х 8 ст20 7304318090;0
13858;GB/T 8162:2018 45х12 ст20 7304318090;0
13863;GB/T 8162:2018 168х20 ст20 7304318090;0
13865;GB/T 8162:2018 83х14 ст20 7304318090;0
13866;GB/T 8162:2018 89х 8 ст45 7304318090;0
13867;GB/T 8162:2018 89х10 ст45 7304318090;0
13869;ДСТУ 8939:2019 63х14 ст20 7304318090;0
13876;ДСТУ 8938:2019 114х18 ст45 7304398290;0
13877;ГОСТ 8732 159х 5 ст20 7304398290;0
13879;ДСТУ 8938:2019 194х14 ст20 7304398390;0
13880;ДСТУ 8938:2019 219х 9 ст20 7304398390;0
13881;Труба проф. 120х120х 6 стQ345B 7304900000;0
13884;Контактор BF 38 00 A230;0
13887;ДСТУ 8938:2019 76х16 ст45 7304398290;0
13888;Труба проф. 260х180х9 ст20 7304900000;0
13890;GB/T 8162:2018 18х 5 ст20 7304318090;0
13892;GB/T 8162:2018 30х 8 ст20 7304318090;0
13894;GB/T 8162:2018 60х 3.5 ст20 7304318090;0
13895;GB/T 8162:2018 89х 6 ст20 7304318090;0
13898;GB/T 8162:2018 108х 8 ст20 7304318090;0
13899;GB/T 8162:2018 108х10 ст20 7304318090;0
13905;GB/T 8162:2018 89х 4 ст20 7304318090;0
13909;ДСТУ 8938:2019 152х18 ст20 7304398290;0
13920;ДСТУ 8938:2019 377х30 ст20 7304398390;0
13923;ДСТУ 8938:2019 245х35 ст20 7304398390;0
13925;ДСТУ 8938:2019 194х35 ст20 7304398390;0
13927;ДСТУ 8938:2019 325х10 ст20 7304398390;0
13928;"Лист гарячекатаний 8,00 х2000х6000 стS235J2 7208529900";0
13940;Стяжка кабельна пласт.3х100мм;0
13946;ДСТУ 8939:2019 25х 2 ст20 7304318090;0
13948;ДСТУ 8939:2019 30х 6 ст20 7304318090;0
13950;ДСТУ 8939:2019 30х 5 ст20 7304318090;0
13951;GB/T 8162:2018 45х 5 ст20 7304318090;0
13953;GB/T 8162:2018 40х 1.5 ст20 7304318090;0
13955;GB/T 8162:2018 57х 8 ст20 7304318090;0
13956;GB/T 8162:2018 60х12 ст20 7304318090;0
13958;GB/T 8162:2018 65х10 ст20 7304318090;0
13959;GB/T 8162:2018 65х 4 ст20 7304318090;0
13962;GB/T 8162:2018 38х 4 ст20 7304318090;0
13963;GB/T 8162:2018 60х 6 ст20 7304318090;0
13964;GB/T 8162:2018 76х12 ст20 7304318090;0
13966;GB/T 8162:2018 48х 5 ст20 7304318090;0
13967;GB/T 8162:2018 50х 8 ст20 7304318090;0
13968;GB/T 8162:2018 57х10 ст20 7304318090;0
13970;GB/T 8162:2018 102х 6 ст20 7304318090;0
13971;GB/T 8162:2018 102х10 ст20 7304318090;0
13975;GB/T 8162:2018 159х10 ст20 7304318090;0
13981;GB/T 8162:2018 73х 5 ст20 7304318090;0
13982;GB/T 8162:2018 108х 4 ст20 7304318090;0
13983;GB/T 8162:2018 133х 5 ст20 7304318090;0
13984;GB/T 8162:2018 63х 6 ст20 7304318090;0
13989;GB/T 8162:2018 14х 2 ст20 7304318090;0
13990;GB/T 8162:2018 20х 1.5 ст20 7304318090;0
13992;GB/T 8162:2018 25х 6 ст20 7304318090;0
13993;GB/T 8162:2018 25х 7 ст20 7304318090;0
13994;GB/T 8162:2018 30х 3 ст20 7304318090;0
13995;GB/T 8162:2018 30х 5 ст20 7304318090;0
13998;GB/T 8162:2018 48х 8 ст20 7304318090;0
14000;GB/T 8162:2018 54х 8 ст20 7304318090;0
14001;GB/T 8162:2018 54х10 ст20 7304318090;0
14002;GB/T 8162:2018 57х 4 ст20 7304318090;0
14003;GB/T 8162:2018 57х 5 ст20 7304318090;0
14004;GB/T 8162:2018 83х 8 ст20 7304318090;0
14006;ДСТУ 8938:2019 89х14 ст45 7304398290;0
14012;ДСТУ 8938:2019 127х30 ст20 7304398290;0
14013;Скрипляючий пристрій М4С;0
14016;ДСТУ 8938:2019 159х20 ст20 7304398290;0
14017;ДСТУ 8938:2019 203х10 ст20 7304398390;0
14018;ГОСТ 8732 114х 8 ст20 7304398290;0
14019;ГОСТ 8732 114х10 ст20 7304398290;0
14021;ДСТУ 8938:2019 180х16 ст20 7304398390;0
14022;ДСТУ 8938:2019 168х 6 ст20 7304398290;0
14027;Олива моторна MOL Dymanic Transit 10W-40 CI-1 (20л);0
14029;Олива Індустріальна І-40А;0
14031;Олива трансмісійна ТАД-17і;0
14038;ДСТУ 8938:2019 180х28 ст35 7304398390;0
14039;ДСТУ 8938:2019 180х20 ст20 7304398390;0
14040;ДСТУ 8938:2019 180х40 ст20 7304398390;0
14041;ДСТУ 8938:2019 108х12 ст20 7304398290;0
14042;ДСТУ 8938:2019 108х14 ст20 7304398290;0
14044;Куртка утепл. Insight Special;0
14045;Напівкомбінезон утепл. Insight SPECIAL;0
14046;Черевики  утепл.Ardon Firwin LB S3;0
14047;Рукавички зварника Ardon Kirk;0
14048;Футболка Insight Special чорна;0
14049;ДСТУ 8938:2019 63.5х 6 ст20 7304398290;0
14050;ДСТУ 8938:2019 325х16 ст20 7304398390;0
14052;Труба проф. 100х100х 8 стQ345B 7304900000;0
14053;GB/T 8162:2018 83х 5 ст20 7304318090;0
14054;GB/T 8162:2018 40х 8 ст20 7304318090;0
14055;GB/T 8162:2018 42х 4 ст20 7304318090;0
14056;GB/T 8162:2018 45х 3 ст20 7304318090;0
14057;GB/T 8162:2018 57х 6 ст20 7304318090;0
14058;GB/T 8162:2018 83х 4 ст20 7304318090;0
14060;ДСТУ 8938:2019 426х40 ст20 7304398890;0
14061;ДСТУ 8938:2019 83х 6 ст09Г2С 7304398290;0
14062;Труба 28х 4 ст20 7304318090;0
14064;ДСТУ 8938:2019 180х36 ст45 7304398390;0
14067;ДСТУ 8938:2019 325х56 ст20 7304398390;0
14071;ДСТУ 8938:2019 140х25 ст45 7304398290;0
14072;ДСТУ 8938:2019 146х16 ст20 7304398290;0
14073;ДСТУ 8938:2019 127х30 ст35 7304398290;0
14075;"Термоусаджувальна трубка 10,0/5,0 шт.(1м)";0
14076;Ізоляційна стрічка Stenson 50м.;0
14078;Светильник круг.наклад Videx 12W 5000K 220V;0
14079;Светильник Lebron L-PR-641  6W вбудов. 4100K LED;0
14080;Светильник Lebron L-PR-1241  12W вбудов. 4100K LED;0
14081;"Стяжка кабельна (хомут)чорна.4х200 (3,6х200) (100шт).";0
14082;Стяжка кабельна пласт.5х350мм;0
14083;Роз'єм із заглушкою 1х16А (кауч);0
14092;ДСТУ 8938:2019 133х16 ст20 7304398290;0
14094;Ремкомплект подушки вертикального валу;0
14095;ДСТУ 8938:2019 133х 6 ст09Г2С 7304398290;0
14096;ДСТУ 8938:2019 127х10 ст20 7304398290;0
14097;ДСТУ 8938:2019 273х30 ст45 7304398390;0
14099;Контакт до КТ-6020 рух.мідь.;0
14100;Контакт до КТ-6020 нерух.мідь.;0
14101;Контакт до ПМА -3000 рух.мідь;0
14102;Контакт до ПМА -3000 нерух.мідь;0
14105;Щітка МГ 15х50х35;0
14106;"Запобіжник ПТ 111.10-20-31,5 У1";0
14107;ГОСТ 8732 114х 7 ст20 7304398290;0
14108;ДСТУ 8938:2019 60х 5 ст09Г2С 7304398290;0
14109;ДСТУ 8938:2019 102х16 ст45 7304398290;0
14112;ДСТУ 8938:2019 194х30 ст20 7304398390;0
14114;ДСТУ 8939:2019 27х 2.5 ст20 7304318090;0
14117;ДСТУ 8939:2019 54х 3 ст20 7304318090;0
14120;GB/T 8162:2018 38х 6 ст20 7304318090;0
14121;GB/T 8162:2018 38х 8 ст20 7304318090;0
14122;GB/T 8162:2018 60х14 ст45 7304318090;0
14123;GB/T 8162:2018 42х 3 ст20 7304318090;0
14124;GB/T 8162:2018 42х 8 ст20 7304318090;0
14125;GB/T 8162:2018 108х 5 ст20 7304318090;0
14127;GB/T 8162:2018 21х 4 ст20 7304318090;0
14129;GB/T 8162:2018 22х 4 ст20 7304318090;0
14130;GB/T 8162:2018 25х 4 ст20 7304318090;0
14131;GB/T 8162:2018 25х 4.5 ст20 7304318090;0
14134;GB/T 8162:2018 30х 2.5 ст20 7304318090;0
14135;GB/T 8162:2018 30х 6 ст20 7304318090;0
14136;GB/T 8162:2018 40х 6 ст20 7304318090;0
14137;GB/T 8162:2018 40х10 ст20 7304318090;0
14138;GB/T 8162:2018 48х10 ст20 7304318090;0
14139;GB/T 8162:2018 51х10 ст20 7304318090;0
14140;GB/T 8162:2018 51х 3 ст20 7304318090;0
14141;GB/T 8162:2018 57х14 ст20 7304318090;0
14143;GB/T 8162:2018 70х12  ст20 7304318090;0
14144;GB/T 8162:2018 76х10 ст20 7304318090;0
14146;GB/T 8162:2018 34х 3 ст20 7304318090;0
14147;GB/T 8162:2018 34х 4 ст20 7304318090;0
14150;GB/T 8162:2018 95х14 ст20 7304318090;0
14151;ДСТУ 8939:2019 27х 3.5 ст20 7304318090;0
14154;ДСТУ 8938:2019 83х18 ст45 7304398290;0
14155;ДСТУ 8938:2019 102х14 ст20 7304398290;0
14156;ДСТУ 8938:2019 73х12 ст20 7304398290;0
14157;ДСТУ 8938:2019 42х 2.6 ст20 7304398290;0
14162;ДСТУ 8938:2019 121х 8 ст20 7304398290;0
14163;ДСТУ 8938:2019 108х14 ст35 7304398290;0
14164;ДСТУ 8938:2019 245х25 ст45 7304398390;0
14165;ГОСТ 8732 245х14 ст20 7304193090;0
14166;ДСТУ 8938:2019 426х25 ст20 7304398890;0
14167;ДСТУ 8938:2019 245х60 ст45 7304398390;0
14169;Труба проф. 250х110х10 стS355J2H 7304900000;0
14170;ДСТУ 8938:2019 219х25 ст45 7304398390;0
14184;Запобіжник NH-000/gG 100A 500V;0
14186;ДСТУ 8938:2019 133х18 ст20 7304398290;0
14188;ГОСТ 8732 114х 5 ст20 7304398290;0
14195;ДСТУ 8939:2019 21х 2.5 ст20 7304318090;0
14196;GB/T 8162:2018 25х 5 ст20 7304318090;0
14197;GB/T 8162:2018 27х 2 ст20 7304318090;0
14199;GB/T 8162:2018 54х14 ст20 7304318090;0
14200;GB/T 8162:2018 65х12 ст20 7304318090;0
14201;GB/T 8162:2018 80х 6 ст20 7304318090;0
14203;GB/T 8162:2018 76х 5 ст20 7304318090;0
14204;GB/T 8162:2018 83х 6 ст20 7304318090;0
14206;GB/T 8162:2018 121х 6 ст20 7304318090;0
14207;GB/T 8162:2018 121х 8 ст20 7304318090;0
14210;ДСТУ 8938:2019 146х20 ст20 7304398290;0
14213;ДСТУ 8938:2019 95х22 ст20 7304398290;0
14214;ДСТУ 8938:2019 299х36 ст20 7304398390;0
14215;ДСТУ 8938:2019 168х12 ст09Г2С 7304398290;0
14216;ДСТУ 8938:2019 194х10 ст20 7304398390;0
14217;Труба проф. 140х100х 5 стS355J2H 7304900000;0
14221;Труба поліетилен.первинна d32 B;0
14234;ДСТУ 8938:2019 89х 7 ст20 7304398290;0
14235;Труба проф. 140х140х 8 стS355J2H 7304900000;0
14237;Обойма зубчата;0
14238;Втулка зубчата;0
14240;Труба проф. 180х140х 8 стQ345B 7304900000;0
14241;ДСТУ 8938:2019 152х36 ст35 7304398290;0
14246;GB/T 8162:2018 70х10  ст20 7304318090;0
14247;GB/T 8162:2018 60х10 ст20 7304318090;0
14249;GB/T 8162:2018 32х 4 ст20 7304318090;0
14250;GB/T 8162:2018 48х 4 ст20 7304318090;0
14251;GB/T 8162:2018 50х 5 ст20 7304318090;0
14252;GB/T 8162:2018 51х 4 ст20 7304318090;0
14253;ДСТУ 8938:2019 152х10 ст20 7304398290;0
14254;Антифриз Grom-EX MEG- 40C  RED G12 10л;0
14273;GB/T 8162:2018 70х 5 ст20 7304318090;0
14274;GB/T 8162:2018 38х 3 ст20 7304318090;0
14275;GB/T 8162:2018 45х 4 ст20 7304318090;0
14276;GB/T 8162:2018 57х 3.5 ст20 7304318090;0
14278;GB/T 8162:2018 73х12  ст20 7304318090;0
14280;ГОСТ 8732 168х10 ст20 7304398290;0
14281;ГОСТ 8732 219х18 ст20 7304398390;0
14298;ГОСТ 8732 140х 6 ст20 7304398290;0
14299;Редуктор 1Ц2У-200-20-12М;0
14302;Труба проф. 200х80х 8 стS355J2H 7304900000;0
14303;ДСТУ 8938:2019 89х11 ст20 7304398290;0
14304;EN 10210-1:2006 219.1х 8 стS355J2H 7304193090;0
14307;ДСТУ 8938:2019 73х10 ст35 7304398290;0
14308;ГОСТ 8732 273х22 ст20 7304193090;0
14309;ГОСТ 8732 273х25 ст20 7304193090;0
14321;Поливальний кран Miraya із конектором 1/2'';0
14325;ГОСТ 8732 273х16 ст20 7304193090;0
14329;EN 10210-1:2006 244.5х12.5 стS355J2H 7304193090;0
14332;ГОСТ 8732 219х22 ст20 7304193090;0
14336;ДСТУ 8938:2019 95х 8 ст09Г2С 7304398290;0
14339;Плащ влагост. ARDON NICK.;0
14342;Манометер вертик.1/4"ф50 6 bar KOER;0
14343;Манометер вертик.1/4"ф50 0-6 bar GROSS;0
14344;Сідлова врізка Enoterm 32*1/2"обж.двоболтова;0
14345;Муфта  Enoterm ПРЗ 40*1 заж.;0
14346;Коліно Enoterm ПРВ 32*1/2 заж.;0
14347;Трійник LexLine 1'' взв латунь;0
14348;Трійник LexLine 1'' ввв латунь;0
14349;Футорка Lex Line 1 1/2'3*1" B латунь;0
14350;Футорка 1/2"3*1/14"B латунь;0
14351;Кран кульовий  MIRAYA B3 1';0
14353;ДСТУ 8938:2019 406х25 ст20 7304398390;0
14354;ДСТУ 8938:2019 406х50 ст20 7304398390;0
14356;EN 10210-1 / EN 10297-1 146х 5 стS355J2H 7304398290;0
14365;Рукавички стрейч нітрил/синт Маляр;0
14368;ДСТУ 8938:2019 140х35 ст20 7304398290;0
14371;GB/T 8162:2018 27х 6 ст20 7304318090;0
14372;GB/T 8162:2018 28х 7 ст45 7304318090;0
14373;GB/T 8162:2018 36х 8 ст20 7304318090;0
14374;GB/T 8162:2018 76х 4 ст20 7304318090;0
14375;ДСТУ 8939:2019 14х 2 ст20 7304318090;0
14377;ГОСТ 8732 146х 6 ст20 7304398290;0
14379;ДСТУ 8938:2019 203х25 ст20 7304398390;0
14380;ДСТУ 8938:2019 219х40 ст45 7304398390;0
14381;ДСТУ 8938:2019 127х25 ст20 7304398290;0
14382;ДСТУ 8938:2019 114х18 ст35 7304398290;0
14383;Шайба стопорна b=20;0
14384;Шайба стопорна b=30;0
14387;ДСТУ 8939:2019 21х 5 ст45 7304318090;0
14388;ДСТУ 8938:2019 83х16 ст45 7304398290;0
14391;Труба проф. 200х200х 8 стQ345B 7304900000;0
14392;ГОСТ 8732 219х14 ст20 7304398390;0
14393;ГОСТ 8732 219х20 ст20 7304398390;0
14394;Труба проф. 200х120х12 ст20 7304900000;0
14401;ДСТУ 8938:2019 127х28 ст35 7304398290;0
14402;ДСТУ 8938:2019 180х25 ст35 7304398390;0
14403;ДСТУ 8938:2019 159х25 ст35 7304398290;0
14404;GB/T 8162:2018 63х 3.5 ст20 7304318090;0
14405;GB/T 8162:2018 73х10  ст20 7304318090;0
14406;GB/T 8162:2018 89х 8 ст20 7304318090;0
14407;ДСТУ 8938:2019 203х25 ст35 7304398390;0
14409;ДСТУ 8938:2019 159х20 ст35 7304398290;0
14411;ДСТУ 8938:2019 273х40 ст20 7304398390;0
14413;Труба проф. 150х100х 8 стQ345B 7304900000;0
14416;ДСТУ 8938:2019 194х16 ст20 7304398390;0
14417;GB/T 8162:2018 42х10 ст20 7304318090;0
14418;GB/T 8162:2018 50х12 ст20 7304318090;0
14419;GB/T 8162:2018 60х14 ст20 7304318090;0
14421;GB/T 8162:2018 68х14 ст20 7304318090;0
14423;GB/T 8162:2018 85х 4 ст20 7304318090;0
14424;GB/T 8162:2018 95х10 ст20 7304318090;0
14425;"Пристрій електронагрів.1,25кВт 380В (ПЕТ)";0
14426;ДСТУ 8938:2019 299х40 ст20 7304398390;0
14430;ДСТУ 8938:2019 76х 8 ст35 7304398290;0
14433;ДСТУ 8938:2019 273х10 ст20 7304193090;0
14434;ДСТУ 8938:2019 219х 6 ст09Г2С 7304398390;0
14435;ДСТУ 8938:2019 219х10 ст09Г2С 7304398390;0
14441;Глушник стисненого повітря BSL 04;0
14443;Реле контролю фаз РКН3Ф-16М;0
14444;Труба проф. 250х150х10 стS355J2H 7304900000;0
14445;ДСТУ 8938:2019 152х20 ст45 7304398290;0
14446;ДСТУ 8938:2019 146х36 ст45 7304398290;0
14447;ДСТУ 8938:2019 121х25 ст45 7304398290;0
14448;ДСТУ 8938:2019 127х20 ст45 7304398290;0
14449;ДСТУ 8938:2019 127х25 ст45 7304398290;0
14455;ДСТУ 8938:2019 325х10 ст20 7304193090;0
14460;Труба проф. 200х160х 8 стS355J2H 7304900000;0
14474;ДСТУ 8938:2019 325х30 ст45 7304398390;0
14475;ДСТУ 8938:2019 325х25 ст45 7304398390;0
14476;ДСТУ 8938:2019 508х32 ст20 7304398890;0
14478;ДСТУ 8938:2019 630х30 ст20 7304398890;0
14479;ДСТУ 8938:2019 630х10 ст20 7304398890;0
14480;ДСТУ 8938:2019 530х12 ст20 7304398890;0
14481;ДСТУ 8938:2019 530х16 ст20 7304398890;0
14483;ДСТУ 8938:2019 60х16 ст20 7304398290;0
14484;ДСТУ 8938:2019 68х16 ст20 7304398290;0
14485;ДСТУ 8938:2019 70х16 ст45 7304398290;0
14486;ДСТУ 8938:2019 76х18 ст20 7304398290;0
14487;ДСТУ 8938:2019 76х20 ст20 7304398290;0
14488;ДСТУ 8938:2019 83х18 ст20 7304398290;0
14489;ДСТУ 8938:2019 83х25 ст20 7304398290;0
14490;ДСТУ 8938:2019 95х16 ст20 7304398290;0
14492;ДСТУ 8938:2019 102х20 ст20 7304398290;0
14493;ДСТУ 8938:2019 108х20 ст20 7304398290;0
14494;ДСТУ 8938:2019 121х30 ст45 7304398290;0
14495;ДСТУ 8938:2019 140х20 ст20 7304398290;0
14496;ДСТУ 8938:2019 168х20 ст45 7304398290;0
14498;GB/T 8162:2018 20х 5 ст20 7304318090;0
14499;GB/T 8162:2018 21х 1.5 ст20 7304318090;0
14500;GB/T 8162:2018 22х 2 ст20 7304318090;0
14503;GB/T 8162:2018 34х 4.5 ст20 7304318090;0
14504;GB/T 8162:2018 42х 3.5 ст20 7304318090;0
14505;GB/T 8162:2018 121х 5 ст20 7304318090;0
14507;GB/T 8162:2018 152х 5 ст20 7304318090;0
14508;GB/T 8162:2018 152х 6 ст20 7304318090;0
14509;GB/T 8162:2018 152х 8 ст20 7304318090;0
14511;ДСТУ 8938:2019 426х60 ст20 7304398890;0
14512;Футболка SILVESTER;0
14513;Чоботи гумові хакі;0
14514;Штани робочі демісезонні Insight Special;0
14515;Куртка робоча демісезонна Insight Special;0
14516;Напівкомбінезон робочий демісезонний Insight Special;0
14517;Футболка Insight Standart зелена;0
14518;GB/T 8162:2018 32х 8 ст20 7304318090;0
14519;GB/T 8162:2018 40х 3 ст20 7304318090;0
14520;GB/T 8162:2018 42х 8 ст45 7304318090;0
14521;GB/T 8162:2018 42х12 ст20 7304318090;0
14522;GB/T 8162:2018 48х12 ст20 7304318090;0
14523;GB/T 8162:2018 50х 6 ст45 7304318090;0
14524;GB/T 8162:2018 50х12 ст45 7304318090;0
14526;GB/T 8162:2018 54х12 ст20 7304318090;0
14527;GB/T 8162:2018 57х 8 ст45 7304318090;0
14528;GB/T 8162:2018 63х14 ст20 7304318090;0
14529;GB/T 8162:2018 73х14  ст20 7304318090;0
14530;GB/T 8162:2018 34х 5 ст20 7304318090;0
14531;GB/T 8162:2018 85х 5 ст20 7304318090;0
14532;GB/T 8162:2018 102х 5 ст20 7304318090;0
14534;GB/T 8162:2018 127х 4 ст20 7304318090;0
14535;GB/T 8162:2018 127х 5 ст20 7304318090;0
14536;GB/T 8162:2018 133х 4 ст20 7304318090;0
14538;GB/T 8162:2018 146х 5 ст20 7304318090;0
14544;Трансол-200 (9кг);0
14545;Гідроштовхач ТЕ-16;0
14546;Насадка на косу "яйцо";0
14547;Котушка зажиг.;0
14548;Стартер;0
14549;Редуктор Фореста;0
14551;ДСТУ 8938:2019 168х12 ст20 7304193090;0
14553;ДСТУ 8938:2019 127х25 ст45 7304398290;0
14554;ДСТУ 8938:2019 180х20 ст20 7304398390;0
14555;ДСТУ 8938:2019 219х45 ст20 7304398390;0
14557;ДСТУ 8938:2019 245х25 ст20 7304398390;0
14558;ДСТУ 8938:2019 457х20 ст20 7304398890;0
14560;ДСТУ 8938:2019 480х20 ст20 7304398890;0
14562;GB/T 8162:2018 51х 5 ст20 7304318090;0
14565;Олива гідравлічна преміум-класу MOL Hydro HME 46(20л);0
14566;Деталі ролика кабельної підвіски;0
14568;ДСТУ 8938:2019 108х16 ст20 7304398290;0
14570;EN 10210-1:2006 298.5х10 стS355J2H 7304193090;0
14571;EN 10210-1:2006 298.5х 8 стS355J2H 7304193090;0
14572;Труба проф. 180х180х 8 стS355J2H 7304900000;0
14573;Труба проф. 180х180х10 стS355J2H 7304900000;0
14574;Труба проф. 200х200х 8 стS355J2H 7304900000;0
14575;Труба проф. 200х200х10 стS355J2H 7304900000;0
14577;Роторна насадка 035;0
14578;Пінна насадка 042;0
14579;ДСТУ 8938:2019 299х12 ст20 7304193090;0
14580;ДСТУ 8938:2019 299х30 ст20 7304193090;0
14582;Башмак до ТК-9А;0
14583;Труба проф. 250х250х10 стS355J2H 7304900000;0
14584;Труба проф. 250х250х 8 стS355J2H 7304900000;0
14585;Світильник промис.VS-LHB-O-200W.Philips LED.4000K.IP65;0
14587;ДСТУ 8938:2019 325х14 ст20 7304193090;0
14589;EN 10216-2 API 5L/ ASTM A53/ ASTN A106  219.08х10.31 ст.В/ L245X42/ L290GrB/ C P265GH-TCI 7304193090;0
14592;ДСТУ 8938:2019 60х14 ст45 7304398290;0
14593;ДСТУ 8938:2019 102х18 ст20 7304398290;0
14594;ДСТУ 8938:2019 108х22 ст20 7304398290;0
14595;ДСТУ 8938:2019 114х16 ст20 7304398290;0
14596;ДСТУ 8938:2019 121х16 ст20 7304398290;0
14597;ДСТУ 8938:2019 121х20 ст20 7304398290;0
14598;ДСТУ 8938:2019 127х16 ст20 7304398290;0
14599;ДСТУ 8938:2019 127х20 ст20 7304398290;0
14600;ДСТУ 8938:2019 127х25 ст20 7304398290;0
14601;ДСТУ 8938:2019 133х30 ст20 7304398290;0
14602;ДСТУ 8938:2019 245х30 ст20 7304398390;0
14603;ДСТУ 8938:2019 245х50 ст20 7304398390;0
14604;ДСТУ 8938:2019 273х16 ст20 7304398390;0
14606;ДСТУ 8938:2019 325х25 ст20 7304398390;0
14607;ДСТУ 8938:2019 73х16 ст20 7304398290;0
14608;GB/T 8162:2018 34х 8 ст20 7304318090;0
14609;GB/T 8162:2018 45х10 ст20 7304318090;0
14624;Душова стійка Tropical Forest L106;0
14626;Брус будів.100х50х6м.;0
14627;"Брус будів.100х50х4,5м.";0
14628;ГОСТ 8732 133х 6 ст20 7304398290;0
14629;ГОСТ 8732 168х 6 ст20 7304398290;0
14630;GB/T 8162:2018 73х 6 ст20 7304318090;0
14634;GB/T 8162:2018 36х 3 ст20 7304318090;0
14635;GB/T 8162:2018 70х14  ст20 7304318090;0
14637;GB/T 8162:2018 102х 8 ст20 7304318090;0
14638;ДСТУ 8938:2019 146х18 ст20 7304398290;0
14639;ДСТУ 8938:2019 108х22 ст45 7304398290;0
14640;ДСТУ 8938:2019 114х22 ст45 7304398290;0
14641;GB/T 8162:2018 63х 4 ст20 7304318090;0
14643;GB/T 8162:2018 10х 1.5 ст20 7304318090;0
14645;GB/T 8162:2018 12х 2 ст20 7304318090;0
14647;GB/T 8162:2018 16х 1.5 ст20 7304318090;0
14648;GB/T 8162:2018 16х 3 ст20 7304318090;0
14649;GB/T 8162:2018 16х 5 ст20 7304318090;0
14650;GB/T 8162:2018 18х 3 ст20 7304318090;0
14651;GB/T 8162:2018 20х 2.5 ст20 7304318090;0
14652;GB/T 8162:2018 20х 3 ст20 7304318090;0
14653;GB/T 8162:2018 20х 5 ст45 7304318090;0
14654;GB/T 8162:2018 21х 2.5 ст20 7304318090;0
14655;GB/T 8162:2018 25х 1.5 ст20 7304318090;0
14656;GB/T 8162:2018 25х 2 ст20 7304318090;0
14657;GB/T 8162:2018 25х 3.5 ст20 7304318090;0
14658;GB/T 8162:2018 27х 5 ст20 7304318090;0
14659;GB/T 8162:2018 28х 1.5 ст20 7304318090;0
14660;GB/T 8162:2018 28х 2 ст20 7304318090;0
14661;GB/T 8162:2018 30х 1.5 ст20 7304318090;0
14662;GB/T 8162:2018 32х 1.5 ст20 7304318090;0
14665;GB/T 8162:2018 35х 6 ст20 7304318090;0
14667;GB/T 8162:2018 40х 5 ст20 7304318090;0
14668;GB/T 8162:2018 48х 6 ст20 7304318090;0
14669;GB/T 8162:2018 89х12 ст20 7304318090;0
14670;GB/T 8162:2018 70х14  ст45 7304318090;0
14671;GB/T 8162:2018 21х 5 ст20 7304318090;0
14674;"Светильник с/д AL 5020ARD.52 ВТ,матов.6500К,IP40";0
14675;Вимикач  1кл.зовнішній Palmiye Сірий;0
14676;Вимикач-роз'єднувач ВР32-31В30250 250А;0
14677;GB/T 8162:2018 68х 4 ст20 7304318090;0
14678;GB/T 8162:2018 68х12 ст20 7304318090;0
14679;GB/T 8162:2018 76х 8 ст20 7304318090;0
14680;GB/T 8162:2018 85х 6 ст20 7304318090;0
14681;GB/T 8162:2018 121х10 ст20 7304318090;0
14682;ДСТУ 8938:2019 89х22 ст20 7304398290;0
14683;Шпилька розпірна;0
14685;ДСТУ 8938:2019 168х 6 ст20 7304193090;0
14687;ДСТУ 8938:2019 180х14 ст20 7304398390;0
14688;ДСТУ 8938:2019 146х 5 ст20 7304398290;0
14689;ДСТУ 8938:2019 95х 8 ст20 7304398290;0
14691;ДСТУ 8938:2019 95х18 ст20 7304398290;0
14717;ДСТУ 8938:2019 194х18 ст20 7304398390;0
14735;"Строп 4СК г/п12,5х2500";0
14737;Втулка кранового колеса;0
14738;"Ланка роз'ємна РТЗ-12,5";0
14739;Скоба такелажна типу G-2130;0
14740;ГОСТ 8732 168х 8 ст20 7304398290;0
14741;Колесо зубчатое проміжне;0
14742;Вал-шестерня вхідна;0
14744;ДСТУ 8938:2019 273х16 ст20 7304398390;0
14745;ДСТУ 8938:2019 121х 6 ст20 7304398290;0
14746;ДСТУ 8938:2019 159х30 ст20 7304398290;0
14747;ГОСТ 8732 133х 5 ст20 7304398290;0
14749;ГОСТ 8732 219х 6 ст20 7304398390;0
14752;GB/T 8162:2018 114х 4 ст20 7304318090;0
14754;GB/T 8162:2018 12х 1.5 ст20 7304318090;0
14755;GB/T 8162:2018 21х 2 ст20 7304318090;0
14758;209 Брухт сталевий;209
14759;ДСТУ 8938:2019 73х 8 ст20 7304398290;0
14760;ДСТУ 8938:2019 73х12 ст35 7304398290;0
14762;ДСТУ 8938:2019 168х36 ст20 7304398290;0
14763;ДСТУ 8938:2019 194х22 ст20 7304398390;0
14764;ДСТУ 8938:2019 273х56 ст20 7304398390;0
14765;ГОСТ 8732 133х10 ст20 7304398290;0
14766;ГОСТ 8732 133х12 ст20 7304398290;0
14768;EN 10210-1 / EN 10297-1 133х 6 стS355J2H 7304398290;0
14778;ДСТУ 8938:2019 89х20 ст20 7304398290;0
14779;ДСТУ 8938:2019 127х30 ст20 7304398290;0
14780;ДСТУ 8938:2019 140х30 ст20 7304398290;0
14781;ДСТУ 8938:2019 180х30 ст20 7304398390;0
14785;ДСТУ 8938:2019 127х16 ст45 7304398290;0
14786;ДСТУ 8938:2019 140х10 ст20 7304398290;0
14787;ДСТУ 8938:2019 121х16 ст20 7304398290;0
14788;ДСТУ 8938:2019 114х28 ст20 7304398290;0
14789;ГОСТ 8732 133х 8 ст20 7304398290;0
14790;ГОСТ 8732 127х 8 ст20 7304398290;0
14791;ГОСТ 8732 127х10 ст20 7304398290;0
14792;ГАРЯЧА GB/T 8162:2018 45х10 ст45 7304398290;0
14793;ГАРЯЧА GB/T 8162:2018 14х 1.5 ст20 7304398290;0
14794;ГАРЯЧА GB/T 8162:2018 14х 2 ст20 7304398290;0
14795;ГАРЯЧА GB/T 8162:2018 16х 2 ст20 7304398290;0
14797;ГАРЯЧА GB/T 8162:2018 17х 3 ст20 7304398290;0
14798;ГАРЯЧА GB/T 8162:2018 17х 3.5 ст20 7304398290;0
14799;ГАРЯЧА GB/T 8162:2018 22х 1.5 ст20 7304398290;0
14801;ГАРЯЧА GB/T 8162:2018 24х 3 ст20 7304398290;0
14802;ГАРЯЧА GB/T 8162:2018 24х 4 ст20 7304398290;0
14803;ГАРЯЧА GB/T 8162:2018 25х 5 ст20 7304398290;0
14805;ГАРЯЧА GB/T 8162:2018 26х 3 ст20 7304398290;0
14806;ГАРЯЧА GB/T 8162:2018 26х 4 ст20 7304398290;0
14808;ГАРЯЧА GB/T 8162:2018 28х 8 ст20 7304398290;0
14809;ГАРЯЧА GB/T 8162:2018 32х 2 ст20 7304398290;0
14810;ГАРЯЧА GB/T 8162:2018 34х 5 ст20 7304398290;0
14811;ГАРЯЧА GB/T 8162:2018 34х 6 ст20 7304398290;0
14812;ГАРЯЧА GB/T 8162:2018 36х 4 ст20 7304398290;0
14813;ГАРЯЧА GB/T 8162:2018 36х 5 ст20 7304398290;0
14814;ГАРЯЧА GB/T 8162:2018 36х 6 ст20 7304398290;0
14815;ГАРЯЧА GB/T 8162:2018 40х 1.5 ст20 7304398290;0
14816;ГАРЯЧА GB/T 8162:2018 40х 8 ст20 7304398290;0
14817;ГАРЯЧА GB/T 8162:2018 40х10 ст20 7304398290;0
14818;ГАРЯЧА GB/T 8162:2018 48х 6 ст20 7304398290;0
14819;ГАРЯЧА GB/T 8162:2018 50х10 ст20 7304398290;0
14820;ГАРЯЧА GB/T 8162:2018 54х 3 ст20 7304398290;0
14821;ГАРЯЧА GB/T 8162:2018 54х 5 ст20 7304398290;0
14822;ГАРЯЧА GB/T 8162:2018 54х12 ст20 7304398290;0
14823;ГАРЯЧА GB/T 8162:2018 65х 8 ст20 7304398290;0
14824;ГАРЯЧА GB/T 8162:2018 80х 4 ст20 7304398290;0
14825;ГАРЯЧА GB/T 8162:2018 80х 6 ст20 7304398290;0
14826;ГАРЯЧА GB/T 8162:2018 95х 8 ст20 7304398290;0
14827;ГАРЯЧА GB/T 8162:2018 108х 5 ст20 7304398290;0
14828;ГАРЯЧА GB/T 8162:2018 108х 6 ст20 7304398290;0
14829;ГАРЯЧА GB/T 8162:2018 42х 6 ст20 7304398290;0
14831;ГАРЯЧА GB/T 8162:2018 34х 4 ст20 7304398290;0
14832;ГАРЯЧА GB/T 8162:2018 95х12 ст20 7304398290;0
14833;ГАРЯЧА GB/T 8162:2018 102х 6 ст20 7304398290;0
14834;ГАРЯЧА GB/T 8162:2018 76х 4 ст20 7304398290;0
14835;ГАРЯЧА GB/T 8162:2018 50х 3.5 ст20 7304398290;0
14836;ГАРЯЧА GB/T 8162:2018 76х12 ст20 7304398290;0
14837;ГАРЯЧА GB/T 8162:2018 89х10 ст20 7304398290;0
14838;ГАРЯЧА GB/T 8162:2018 83х14 ст20 7304398290;0
14839;ГАРЯЧА GB/T 8162:2018 76х 8 ст20 7304398290;0
14841;ГАРЯЧА GB/T 8162:2018 73х 8 ст20 7304398290;0
14842;ГАРЯЧА GB/T 8162:2018 83х 8 ст20 7304398290;0
14843;ГАРЯЧА GB/T 8162:2018 83х 3.5 ст20 7304398290;0
14844;ГАРЯЧА GB/T 8162:2018 63х 6 ст20 7304398290;0
14845;ГАРЯЧА GB/T 8162:2018 63х 4 ст20 7304398290;0
14846;ГАРЯЧА GB/T 8162:2018 27х 2.5 ст20 7304398290;0
14847;ГАРЯЧА GB/T 8162:2018 76х 3 ст20 7304398290;0
14849;ДСТУ 8938:2019 108х 6 ст09Г2С 7304398290;0
14851;Чоботи гумові зелені;0
14852;Костюм влагост. ARDON CLEO.;0
14855;"Наконечник втулковий з ізоляцією НВ 1,5/8 (100шт)";0
14871;ГОСТ 8732 159х18 ст20 7304398290;0
14876;ГОСТ 8732 140х 8 ст20 7304398290;0
14879;ДСТУ 8938:2019 83х16 ст20 7304398290;0
14880;Ніж МС-80 БД;0
14881;ДСТУ 8938:2019 83х22 ст45 7304398290;0
14882;Труба проф. 51х41х 5 ст20 7304900000;0
14883;ДСТУ 8938:2019 121х18 ст20 7304398290;0
14884;ДСТУ 8938:2019 73х20 ст20 7304398290;0
14885;ДСТУ 8938:2019 89х16 ст20 7304398290;0
14886;ДСТУ 8938:2019 95х18 ст20 7304398290;0
14887;ДСТУ 8938:2019 102х28 ст20 7304398290;0
14888;ДСТУ 8938:2019 102х28 ст45 7304398290;0
14890;ДСТУ 8938:2019 245х40 ст20 7304398390;0
14891;ДСТУ 8938:2019 245х45 ст20 7304398390;0
14892;ДСТУ 8938:2019 273х40 ст20 7304398390;0
14893;ДСТУ 8938:2019 325х35 ст20 7304398390;0
14894;ДСТУ 8938:2019 325х45 ст20 7304398390;0
14895;ДСТУ 8938:2019 325х60 ст20 7304398390;0
14896;ДСТУ 8938:2019 351х35 ст20 7304398390;0
14897;ДСТУ 8938:2019 406х20 ст20 7304398390;0
14898;ДСТУ 8938:2019 457х40 ст20 7304398890;0
14899;ДСТУ 8938:2019 480х40 ст20 7304398890;0
14900;ДСТУ 8938:2019 530х35 ст20 7304398890;0
14901;ДСТУ 8938:2019 630х16 ст20 7304398890;0
14902;ДСТУ 8938:2019 630х40 ст20 7304398890;0
14903;ГОСТ 8732 146х10 ст20 7304398290;0
14904;ГАРЯЧА GB/T 8162:2018 57х 5 ст20 7304398290;0
14905;ГАРЯЧА GB/T 8162:2018 57х 6 ст20 7304398290;0
14906;ГАРЯЧА  GB/T 8162:2018 60х 4 ст20 7304398290;0
14907;ГАРЯЧА  GB/T 8162:2018 60х 5 ст20 7304398290;0
14908;ГАРЯЧА  GB/T 8162:2018 60х 6 ст20 7304398290;0
14909;ГАРЯЧА GB/T 8162:2018 70х 4 ст20 7304398290;0
14910;ГАРЯЧА GB/T 8162:2018 73х 4 ст20 7304398290;0
14911;ГАРЯЧА GB/T 8162:2018 73х 5 ст20 7304398290;0
14912;ГАРЯЧА GB/T 8162:2018 73х 6 ст20 7304398290;0
14913;ГАРЯЧА GB/T 8162:2018 76х 6 ст20 7304398290;0
14914;ГАРЯЧА GB/T 8162:2018 89х 4 ст20 7304398290;0
14915;ГАРЯЧА GB/T 8162:2018 89х 5 ст20 7304398290;0
14916;ГАРЯЧА GB/T 8162:2018 89х 6 ст20 7304398290;0
14917;Лампа LED 20Вт Е27;0
14918;ДСТУ 8938:2019 121х20 ст35 7304398290;0
14919;ДСТУ 8938:2019 159х18 ст20 7304398290;0
14921;ГАРЯЧА GB/T 8162:2018 28х 7 ст45 7304398290;0
14922;ГАРЯЧА GB/T 8162:2018 57х10 ст20 7304398290;0
14923;Труба проф. 200х150х10 стS355J2H 7304900000;0
14925;ДСТУ 8938:2019 168х 6 ст09Г2С 7304398290;0
14951;Колесо крана d=650 у зборі;0
14952;ГАРЯЧА GB/T 8162:2018 25х 6 ст20 7304398290;0
14953;ГАРЯЧА GB/T 8162:2018 30х 2 ст20 7304398290;0
14956;ГАРЯЧА GB/T 8162:2018 36х 8 ст20 7304398290;0
14957;ГАРЯЧА GB/T 8162:2018 40х 6 ст20 7304398290;0
14959;ГАРЯЧА GB/T 8162:2018 63х12 ст20 7304398290;0
14960;ГАРЯЧА GB/T 8162:2018 63х14 ст20 7304398290;0
14961;ГАРЯЧА GB/T 8162:2018 65х14 ст20 7304398290;0
14962;ГАРЯЧА GB/T 8162:2018 70х 8 ст20 7304398290;0
14963;ГАРЯЧА GB/T 8162:2018 70х14  ст20 7304398290;0
14964;ГАРЯЧА GB/T 8162:2018 83х10 ст20 7304398290;0
14965;ГАРЯЧА GB/T 8162:2018 34х 3 ст20 7304398290;0
14966;ГАРЯЧА GB/T 8162:2018 48х 5 ст20 7304398290;0
14967;ГАРЯЧА GB/T 8162:2018 51х 3 ст20 7304398290;0
14969;ГАРЯЧА GB/T 8162:2018 102х 8 ст20 7304398290;0
14970;ГАРЯЧА GB/T 8162:2018 121х 6 ст20 7304398290;0
14971;ГАРЯЧА GB/T 8162:2018 152х 5 ст20 7304398290;0
14972;ДСТУ 8938:2019 299х30 ст20 7304398390;0
15020;Поплавковий клапан нижньої подачі NOVA 4721;0
15021;Арматура спускна ZERIX AS-01;0
15029;Труби стальні холоднодеформовані 50х 6 ст 45 7304318090;0
15030;Труби стальні холоднодеформовані 54х12 ст20 7304318090;0
15032;ДСТУ 8938:2019 57х 8 ст20 7304398290;0
15033;ДСТУ 8938:2019 194х24 ст20 7304398390;0
15034;ДСТУ 8732 194х40 ст35 7304399390;0
15035;ДСТУ 8732 203х25 ст20 7304399390;0
15037;ДСТУ 8732 377х24 ст45 7304399390;0
15038;ДСТУ 8732 168х16 ст20 7304399290;0
15039;ДСТУ 8732 95х18 ст35 7304399290;0
15040;ДСТУ 8938:2019 102х24 ст45 7304398290;0
15041;ГОСТ 8732 146х11 ст20 7304398290;0
15044;ДСТУ 8938:2019 245х55 ст20 7304398390;0
15045;ДСТУ 8938:2019 299х20 ст20 7304398390;0
15046;ДСТУ 8938:2019 299х10 ст20 7304398390;0
15049;ДСТУ 8938:2019 121х30 ст45 7304398290;0
15050;ДСТУ 8938:2019 89х18 ст20 7304398290;0
15051;EN 10210 146х 8 стS355J2H 7304398290;0
15052;EN 10210 146х10 стS355J2H 7304398290;0
15053;ДСТУ 8938:2019 133х25ст45 7304398290;0
15054;ДСТУ 8938:2019 299х55 ст20 7304398390;0
15055;ГОСТ 8732 146х12 ст20 7304398290;0
15086;ДСТУ 8938:2019 89х 3.2 ст20 7304398290;0
15087;ДСТУ 8938:2019 45х 2.6 ст20 7304398290;0
15088;ДСТУ 8938:2019 63.5х 4 ст20 7304398290;0
15089;ДСТУ 8938:2019 95х22 ст35 7304398290;0
15091;ДСТУ 8938:2019 168х42 ст35 7304398290;0
15092;ДСТУ 8938:2019 127х12 ст35 7304398290;0
15093;ДСТУ 8938:2019 108х12 ст35 7304398290;0
15094;ДСТУ 8938:2019 95х 8 ст35 7304398290;0
15095;ДСТУ 8938:2019 146х18 ст35 7304398290;0
15096;ДСТУ 8938:2019 152х16 ст35 7304398290;0
15097;ГАРЯЧА GB/T 8162:2018 16х 4 ст20 7304398290;0
15098;ГАРЯЧА GB/T 8162:2018 20х 1.5 ст20 7304398290;0
15099;ГАРЯЧА GB/T 8162:2018 30х 8 ст20 7304398290;0
15100;ГАРЯЧА GB/T 8162:2018 42х 8 ст20 7304398290;0
15101;ГАРЯЧА GB/T 8162:2018 50х14 ст20 7304398290;0
15102;ГАРЯЧА GB/T 8162:2018 54х 6 ст20 7304398290;0
15103;ГАРЯЧА GB/T 8162:2018 54х10 ст20 7304398290;0
15104;ГАРЯЧА  GB/T 8162:2018 60х 8 ст20 7304398290;0
15105;ГАРЯЧА GB/T 8162:2018 63х10 ст20 7304398290;0
15106;ГАРЯЧА GB/T 8162:2018 65х 6 ст20 7304398290;0
15107;ГАРЯЧА GB/T 8162:2018 80х12 ст20 7304398290;0
15108;ГАРЯЧА GB/T 8162:2018 83х12 ст20 7304398290;0
15109;ГАРЯЧА GB/T 8162:2018 70х 6 ст20 7304398290;0
15110;ГАРЯЧА GB/T 8162:2018 102х 4 ст20 7304398290;0
15111;ГАРЯЧА GB/T 8162:2018 102х 5 ст20 7304398290;0
15112;ГАРЯЧА GB/T 8162:2018 108х 4 ст20 7304398290;0
15113;Мастило Графітне (9кг);0
15115;ДСТУ 8938:2019 219х50 ст20 7304398390;0
15116;ДСТУ 8938:2019 203х40 ст20 7304398390;0
15117;ДСТУ 8938:2019 133х 4 ст20 7304398290;0
15120;ДСТУ 8938:2019 89х20 ст35 7304398290;0
15123;Наконечник втулковий з ізоляцією НВ 4/10 (100шт);0
15136;ГОСТ 8732 114х 5 ст09Г2С 7304398290;0
15137;ГОСТ 8732 114х 4.5 ст20 7304398290;0
15138;ГОСТ 8732 114х11 ст20 7304398290;0
15140;ГОСТ 8732 219х 8 ст09Г2С 7304398390;0
15141;ГОСТ 8732 219х12 ст20 7304398390;0
15147;Мастилорозпилювач LOE-D-MAXI;0
15148;Блок підготовки повітряFRC-1-MAXI;0
15149;Фільтропатрон LFP-D-MAXI-40M-U;0
15150;EN 10210-1 / EN 10297-1 146х10 стS355J2H 7304398290;0
15153;Атоксіл гель стік №20;0
15154;Косинка фікс.75*75 см;0
15155;Пантенол крем-піна аерозоль 150г;0
15156;"Хлоргексидин р-н 0,05% 200мл.";0
15157;Бинт 5м*10см ТМ.;0
15158;Бинт 5м*10см н/ст.;0
15159;Вата ст.50г.;0
15160;Гіпотермічний портативний пакет-контейнер;0
15161;Джгут Есмарка;0
15162;Йод спир.р-н 5% 20мл.;0
15163;Корвалол кр.50 мл.;0
15164;Левомеколь мазь ламінатна 40 г.;0
15165;Набір пластирів мед.бак.;0
15166;"Нітрогліцерин таб.0,5 мг №40";0
15167;"Ножниці тактичні 18,5 см №1";0
15168;Пакет перев'язувальний з однією подушечкою мед.ст.;0
15169;Пристрій "Подих життя" д/штучного дихання;0
15170;Рукавички MР огляд.р. L;0
15171;Серветка гелева антимікр."Опік Уп";0
15172;Серветка спиртова 6*3 см №1;0
15176;Труба проф. 140х140х 10 стS355J2H 7304900000;0
15177;ДСТУ 8938:2019 133х32 ст35 7304398290;0
15198;"Трикотажні обливні рукавички, вкриті гумовим покриттям латекс ""Скляр""";0
15199;Рукавички стрейч синт. ПУР 4560;0
15204;Труба проф. 180х180х10.31 ст20 7304900000;0
15205;ГАРЯЧА GB/T 8162:2018 32х 3 ст20 7304398290;0
15206;ГАРЯЧА GB/T 8162:2018 38х 3 ст20 7304398290;0
15207;ГАРЯЧА GB/T 8162:2018 38х 4 ст20 7304398290;0
15208;ГАРЯЧА GB/T 8162:2018 45х 3 ст20 7304398290;0
15209;ГАРЯЧА GB/T 8162:2018 51х 4 ст20 7304398290;0
15210;ГАРЯЧА GB/T 8162:2018 57х 3 ст20 7304398290;0
15211;ГАРЯЧА GB/T 8162:2018 57х 3.5 ст20 7304398290;0
15212;ГАРЯЧА GB/T 8162:2018 57х 4 ст20 7304398290;0
15213;ГАРЯЧА  GB/T 8162:2018 60х 3 ст20 7304398290;0
15214;ГАРЯЧА  GB/T 8162:2018 60х 3.5 ст20 7304398290;0
15215;ГАРЯЧА  GB/T 8162:2018 76х 3.5 ст20 7304398290;0
15216;ГАРЯЧА  GB/T 8162:2018 89х 3.5 ст20 7304398290;0
15217;Рідина Тепро-Солар 30П;0
15218;Фляга Ф1-50 Х;0
15219;Канатоукладач до талі електричної в/п 5т.;0
15221;Труба проф. 200х200х12 стS355J2H 7304900000;0
15222;ГАРЯЧА GB/T 8162:2018 21х 2.5 ст20 7304398290;0
15223;ГАРЯЧА GB/T 8162:2018 27х 1.5 ст20 7304398290;0
15224;ГАРЯЧА GB/T 8162:2018 45х10 ст20 7304398290;0
15225;ГАРЯЧА GB/T 8162:2018 50х 8 ст20 7304398290;0
15226;ГАРЯЧА GB/T 8162:2018 51х 8 ст20 7304398290;0
15227;ГАРЯЧА GB/T 8162:2018 63х 8 ст20 7304398290;0
15228;ГАРЯЧА GB/T 8162:2018 80х 5 ст20 7304398290;0
15229;ГАРЯЧА GB/T 8162:2018 80х10 ст20 7304398290;0
15230;ГАРЯЧА GB/T 8162:2018 42х 4 ст20 7304398290;0
15231;ГАРЯЧА GB/T 8162:2018 51х 5 ст20 7304398290;0
15234;ДСТУ 8938:2019 219х 7 ст20 7304398390;0
15235;Батарея акумуляторна Prologix 12V-7Ah;0
15272;ДСТУ 8938:2019 83х 5 ст09Г2С 7304398290;0
